bucket,file_name,signed_url_7days
exercise-videos,exercise-1771390284060.MP4,https://janlpetkbcgwndibxqha.supabase.co/storage/v1/object/sign/exercise-videos/exercise-1771390284060.MP4?token=eyJraWQiOiJzdG9yYWdlLXVybC1zaWduaW5nLWtleV8zZWRhM2IwYy02NTYwLTRiMTQtYmQxZi1mMzM0Njg1Yzk5OGQiLCJhbGciOiJIUzI1NiJ9.eyJ1cmwiOiJleGVyY2lzZS12aWRlb3MvZXhlcmNpc2UtMTc3MTM5MDI4NDA2MC5NUDQiLCJpYXQiOjE3NzQ3NjAxNDMsImV4cCI6MTc3NTM2NDk0M30.95cRyoNE-XmEjNaZsqnmLAyIwlJ8zT4vYe6g6z9yiZ0
exercise-videos,exercise-1771390361222.MP4,https://janlpetkbcgwndibxqha.supabase.co/storage/v1/object/sign/exercise-videos/exercise-1771390361222.MP4?token=eyJraWQiOiJzdG9yYWdlLXVybC1zaWduaW5nLWtleV8zZWRhM2IwYy02NTYwLTRiMTQtYmQxZi1mMzM0Njg1Yzk5OGQiLCJhbGciOiJIUzI1NiJ9.eyJ1cmwiOiJleGVyY2lzZS12aWRlb3MvZXhlcmNpc2UtMTc3MTM5MDM2MTIyMi5NUDQiLCJpYXQiOjE3NzQ3NjAxNDMsImV4cCI6MTc3NTM2NDk0M30.rJercUu5imJeYaqE_Sbw-CfsVK2_N0ouq0yVmBc88bc
exercise-videos,exercise-1771390756601.MP4,https://janlpetkbcgwndibxqha.supabase.co/storage/v1/object/sign/exercise-videos/exercise-1771390756601.MP4?token=eyJraWQiOiJzdG9yYWdlLXVybC1zaWduaW5nLWtleV8zZWRhM2IwYy02NTYwLTRiMTQtYmQxZi1mMzM0Njg1Yzk5OGQiLCJhbGciOiJIUzI1NiJ9.eyJ1cmwiOiJleGVyY2lzZS12aWRlb3MvZXhlcmNpc2UtMTc3MTM5MDc1NjYwMS5NUDQiLCJpYXQiOjE3NzQ3NjAxNDMsImV4cCI6MTc3NTM2NDk0M30.B41rGWeVjLnzdi5aXAUsPkS00ek4b2BPXg4VKwNRw4g
exercise-videos,exercise-1771390906215.MP4,https://janlpetkbcgwndibxqha.supabase.co/storage/v1/object/sign/exercise-videos/exercise-1771390906215.MP4?token=eyJraWQiOiJzdG9yYWdlLXVybC1zaWduaW5nLWtleV8zZWRhM2IwYy02NTYwLTRiMTQtYmQxZi1mMzM0Njg1Yzk5OGQiLCJhbGciOiJIUzI1NiJ9.eyJ1cmwiOiJleGVyY2lzZS12aWRlb3MvZXhlcmNpc2UtMTc3MTM5MDkwNjIxNS5NUDQiLCJpYXQiOjE3NzQ3NjAxNDQsImV4cCI6MTc3NTM2NDk0NH0.Q0GFaajFJWcJChpte2t0dCPgwUJZgnQWjqTs3b4yMvA
exercise-videos,exercise-1771391070803.MP4,https://janlpetkbcgwndibxqha.supabase.co/storage/v1/object/sign/exercise-videos/exercise-1771391070803.MP4?token=eyJraWQiOiJzdG9yYWdlLXVybC1zaWduaW5nLWtleV8zZWRhM2IwYy02NTYwLTRiMTQtYmQxZi1mMzM0Njg1Yzk5OGQiLCJhbGciOiJIUzI1NiJ9.eyJ1cmwiOiJleGVyY2lzZS12aWRlb3MvZXhlcmNpc2UtMTc3MTM5MTA3MDgwMy5NUDQiLCJpYXQiOjE3NzQ3NjAxNDQsImV4cCI6MTc3NTM2NDk0NH0.9g-KqEF2zNTyYPHdlvxTDM6e01aMsfYYaZND5p6Cq9s
exercise-videos,exercise-1771391152479.MP4,https://janlpetkbcgwndibxqha.supabase.co/storage/v1/object/sign/exercise-videos/exercise-1771391152479.MP4?token=eyJraWQiOiJzdG9yYWdlLXVybC1zaWduaW5nLWtleV8zZWRhM2IwYy02NTYwLTRiMTQtYmQxZi1mMzM0Njg1Yzk5OGQiLCJhbGciOiJIUzI1NiJ9.eyJ1cmwiOiJleGVyY2lzZS12aWRlb3MvZXhlcmNpc2UtMTc3MTM5MTE1MjQ3OS5NUDQiLCJpYXQiOjE3NzQ3NjAxNDQsImV4cCI6MTc3NTM2NDk0NH0.9trQRumXMuOkFvRPmd0pSthC4-RwGl0SIDKe6CoNChA
exercise-videos,exercise-1771391201554.MP4,https://janlpetkbcgwndibxqha.supabase.co/storage/v1/object/sign/exercise-videos/exercise-1771391201554.MP4?token=eyJraWQiOiJzdG9yYWdlLXVybC1zaWduaW5nLWtleV8zZWRhM2IwYy02NTYwLTRiMTQtYmQxZi1mMzM0Njg1Yzk5OGQiLCJhbGciOiJIUzI1NiJ9.eyJ1cmwiOiJleGVyY2lzZS12aWRlb3MvZXhlcmNpc2UtMTc3MTM5MTIwMTU1NC5NUDQiLCJpYXQiOjE3NzQ3NjAxNDQsImV4cCI6MTc3NTM2NDk0NH0.Rup7STvgiN2SVMeL4feTauhagwt6p7C2Ku7Ucx2gVTI
exercise-videos,exercise-1771391237076.MP4,https://janlpetkbcgwndibxqha.supabase.co/storage/v1/object/sign/exercise-videos/exercise-1771391237076.MP4?token=eyJraWQiOiJzdG9yYWdlLXVybC1zaWduaW5nLWtleV8zZWRhM2IwYy02NTYwLTRiMTQtYmQxZi1mMzM0Njg1Yzk5OGQiLCJhbGciOiJIUzI1NiJ9.eyJ1cmwiOiJleGVyY2lzZS12aWRlb3MvZXhlcmNpc2UtMTc3MTM5MTIzNzA3Ni5NUDQiLCJpYXQiOjE3NzQ3NjAxNDQsImV4cCI6MTc3NTM2NDk0NH0.zQdC4831rfi2a6__Gh6wm7f4hP9vdUrApiWu_LDakqE
exercise-videos,exercise-1771391391986.MP4,https://janlpetkbcgwndibxqha.supabase.co/storage/v1/object/sign/exercise-videos/exercise-1771391391986.MP4?token=eyJraWQiOiJzdG9yYWdlLXVybC1zaWduaW5nLWtleV8zZWRhM2IwYy02NTYwLTRiMTQtYmQxZi1mMzM0Njg1Yzk5OGQiLCJhbGciOiJIUzI1NiJ9.eyJ1cmwiOiJleGVyY2lzZS12aWRlb3MvZXhlcmNpc2UtMTc3MTM5MTM5MTk4Ni5NUDQiLCJpYXQiOjE3NzQ3NjAxNDQsImV4cCI6MTc3NTM2NDk0NH0.peseuqI4fE84TxW18G3sqXj8TqzjoPPVVs445JgFS_Y
exercise-videos,exercise-1771391501053.MP4,https://janlpetkbcgwndibxqha.supabase.co/storage/v1/object/sign/exercise-videos/exercise-1771391501053.MP4?token=eyJraWQiOiJzdG9yYWdlLXVybC1zaWduaW5nLWtleV8zZWRhM2IwYy02NTYwLTRiMTQtYmQxZi1mMzM0Njg1Yzk5OGQiLCJhbGciOiJIUzI1NiJ9.eyJ1cmwiOiJleGVyY2lzZS12aWRlb3MvZXhlcmNpc2UtMTc3MTM5MTUwMTA1My5NUDQiLCJpYXQiOjE3NzQ3NjAxNDQsImV4cCI6MTc3NTM2NDk0NH0.EiGFqT4FbuPSlvOFmGoUJy2qtrKGepLP2_9GNrZHgFY
exercise-videos,exercise-1771391606101.MP4,https://janlpetkbcgwndibxqha.supabase.co/storage/v1/object/sign/exercise-videos/exercise-1771391606101.MP4?token=eyJraWQiOiJzdG9yYWdlLXVybC1zaWduaW5nLWtleV8zZWRhM2IwYy02NTYwLTRiMTQtYmQxZi1mMzM0Njg1Yzk5OGQiLCJhbGciOiJIUzI1NiJ9.eyJ1cmwiOiJleGVyY2lzZS12aWRlb3MvZXhlcmNpc2UtMTc3MTM5MTYwNjEwMS5NUDQiLCJpYXQiOjE3NzQ3NjAxNDUsImV4cCI6MTc3NTM2NDk0NX0._FprnA0tNH3GKePxOKaOROW35GBWHqdeu3rmVqrogGQ
exercise-videos,exercise-1771391693503.MP4,https://janlpetkbcgwndibxqha.supabase.co/storage/v1/object/sign/exercise-videos/exercise-1771391693503.MP4?token=eyJraWQiOiJzdG9yYWdlLXVybC1zaWduaW5nLWtleV8zZWRhM2IwYy02NTYwLTRiMTQtYmQxZi1mMzM0Njg1Yzk5OGQiLCJhbGciOiJIUzI1NiJ9.eyJ1cmwiOiJleGVyY2lzZS12aWRlb3MvZXhlcmNpc2UtMTc3MTM5MTY5MzUwMy5NUDQiLCJpYXQiOjE3NzQ3NjAxNDUsImV4cCI6MTc3NTM2NDk0NX0.y9LKdpk-7Esz_PutOnTTyErfFLZj8b55Sz1BUwuW9dk
exercise-videos,exercise-1771391793971.MP4,https://janlpetkbcgwndibxqha.supabase.co/storage/v1/object/sign/exercise-videos/exercise-1771391793971.MP4?token=eyJraWQiOiJzdG9yYWdlLXVybC1zaWduaW5nLWtleV8zZWRhM2IwYy02NTYwLTRiMTQtYmQxZi1mMzM0Njg1Yzk5OGQiLCJhbGciOiJIUzI1NiJ9.eyJ1cmwiOiJleGVyY2lzZS12aWRlb3MvZXhlcmNpc2UtMTc3MTM5MTc5Mzk3MS5NUDQiLCJpYXQiOjE3NzQ3NjAxNDUsImV4cCI6MTc3NTM2NDk0NX0.dgRgTi8jE3V9GsQWom1L7zyDW7g6x6hinwr40XpC7Lk
exercise-videos,exercise-1771391892875.MP4,https://janlpetkbcgwndibxqha.supabase.co/storage/v1/object/sign/exercise-videos/exercise-1771391892875.MP4?token=eyJraWQiOiJzdG9yYWdlLXVybC1zaWduaW5nLWtleV8zZWRhM2IwYy02NTYwLTRiMTQtYmQxZi1mMzM0Njg1Yzk5OGQiLCJhbGciOiJIUzI1NiJ9.eyJ1cmwiOiJleGVyY2lzZS12aWRlb3MvZXhlcmNpc2UtMTc3MTM5MTg5Mjg3NS5NUDQiLCJpYXQiOjE3NzQ3NjAxNDUsImV4cCI6MTc3NTM2NDk0NX0.U8qe31CqqVTZa6pqIjJwBpY6MYNhq8vnd3fjknrB8a0
exercise-videos,exercise-1771392115371.MP4,https://janlpetkbcgwndibxqha.supabase.co/storage/v1/object/sign/exercise-videos/exercise-1771392115371.MP4?token=eyJraWQiOiJzdG9yYWdlLXVybC1zaWduaW5nLWtleV8zZWRhM2IwYy02NTYwLTRiMTQtYmQxZi1mMzM0Njg1Yzk5OGQiLCJhbGciOiJIUzI1NiJ9.eyJ1cmwiOiJleGVyY2lzZS12aWRlb3MvZXhlcmNpc2UtMTc3MTM5MjExNTM3MS5NUDQiLCJpYXQiOjE3NzQ3NjAxNDYsImV4cCI6MTc3NTM2NDk0Nn0.tTOJ7leq3dsf--PDE3ZS7xCZycROHPo7cXyntVesPoU
exercise-videos,exercise-1771392378241.MP4,https://janlpetkbcgwndibxqha.supabase.co/storage/v1/object/sign/exercise-videos/exercise-1771392378241.MP4?token=eyJraWQiOiJzdG9yYWdlLXVybC1zaWduaW5nLWtleV8zZWRhM2IwYy02NTYwLTRiMTQtYmQxZi1mMzM0Njg1Yzk5OGQiLCJhbGciOiJIUzI1NiJ9.eyJ1cmwiOiJleGVyY2lzZS12aWRlb3MvZXhlcmNpc2UtMTc3MTM5MjM3ODI0MS5NUDQiLCJpYXQiOjE3NzQ3NjAxNDYsImV4cCI6MTc3NTM2NDk0Nn0.nxQFxzdE5EWtvSJbYkLGQP0NobQxE4nQfoc9keXFMpM
exercise-videos,exercise-1771392475552.MP4,https://janlpetkbcgwndibxqha.supabase.co/storage/v1/object/sign/exercise-videos/exercise-1771392475552.MP4?token=eyJraWQiOiJzdG9yYWdlLXVybC1zaWduaW5nLWtleV8zZWRhM2IwYy02NTYwLTRiMTQtYmQxZi1mMzM0Njg1Yzk5OGQiLCJhbGciOiJIUzI1NiJ9.eyJ1cmwiOiJleGVyY2lzZS12aWRlb3MvZXhlcmNpc2UtMTc3MTM5MjQ3NTU1Mi5NUDQiLCJpYXQiOjE3NzQ3NjAxNDYsImV4cCI6MTc3NTM2NDk0Nn0.ghb6ccPOXXH3yc_w3lY8SEHds_cEhq7Ax5giUEFmgeA
exercise-videos,exercise-1771392714377.MP4,https://janlpetkbcgwndibxqha.supabase.co/storage/v1/object/sign/exercise-videos/exercise-1771392714377.MP4?token=eyJraWQiOiJzdG9yYWdlLXVybC1zaWduaW5nLWtleV8zZWRhM2IwYy02NTYwLTRiMTQtYmQxZi1mMzM0Njg1Yzk5OGQiLCJhbGciOiJIUzI1NiJ9.eyJ1cmwiOiJleGVyY2lzZS12aWRlb3MvZXhlcmNpc2UtMTc3MTM5MjcxNDM3Ny5NUDQiLCJpYXQiOjE3NzQ3NjAxNDYsImV4cCI6MTc3NTM2NDk0Nn0.oRzq9v3jKybDO5xIVAE95LKJG3qZ19taiTwE6Es_3w0
exercise-videos,exercise-1771392875070.MP4,https://janlpetkbcgwndibxqha.supabase.co/storage/v1/object/sign/exercise-videos/exercise-1771392875070.MP4?token=eyJraWQiOiJzdG9yYWdlLXVybC1zaWduaW5nLWtleV8zZWRhM2IwYy02NTYwLTRiMTQtYmQxZi1mMzM0Njg1Yzk5OGQiLCJhbGciOiJIUzI1NiJ9.eyJ1cmwiOiJleGVyY2lzZS12aWRlb3MvZXhlcmNpc2UtMTc3MTM5Mjg3NTA3MC5NUDQiLCJpYXQiOjE3NzQ3NjAxNDYsImV4cCI6MTc3NTM2NDk0Nn0.JlfFwclvvB7pzGqLEkqgCE16rd_R1N6B15B7FA4a7Kg
exercise-videos,exercise-1771393001170.MP4,https://janlpetkbcgwndibxqha.supabase.co/storage/v1/object/sign/exercise-videos/exercise-1771393001170.MP4?token=eyJraWQiOiJzdG9yYWdlLXVybC1zaWduaW5nLWtleV8zZWRhM2IwYy02NTYwLTRiMTQtYmQxZi1mMzM0Njg1Yzk5OGQiLCJhbGciOiJIUzI1NiJ9.eyJ1cmwiOiJleGVyY2lzZS12aWRlb3MvZXhlcmNpc2UtMTc3MTM5MzAwMTE3MC5NUDQiLCJpYXQiOjE3NzQ3NjAxNDYsImV4cCI6MTc3NTM2NDk0Nn0.7f1sCwpcOicyGUHsS59TRPKSicduqB4ZEJfStysmJCk
exercise-videos,exercise-1771393095265.MP4,https://janlpetkbcgwndibxqha.supabase.co/storage/v1/object/sign/exercise-videos/exercise-1771393095265.MP4?token=eyJraWQiOiJzdG9yYWdlLXVybC1zaWduaW5nLWtleV8zZWRhM2IwYy02NTYwLTRiMTQtYmQxZi1mMzM0Njg1Yzk5OGQiLCJhbGciOiJIUzI1NiJ9.eyJ1cmwiOiJleGVyY2lzZS12aWRlb3MvZXhlcmNpc2UtMTc3MTM5MzA5NTI2NS5NUDQiLCJpYXQiOjE3NzQ3NjAxNDcsImV4cCI6MTc3NTM2NDk0N30.RzoFEltyzmda8M_Mp1t8fsrKgYJoMIjsqBUEmtAqTYc
exercise-videos,exercise-1771393295832.MP4,https://janlpetkbcgwndibxqha.supabase.co/storage/v1/object/sign/exercise-videos/exercise-1771393295832.MP4?token=eyJraWQiOiJzdG9yYWdlLXVybC1zaWduaW5nLWtleV8zZWRhM2IwYy02NTYwLTRiMTQtYmQxZi1mMzM0Njg1Yzk5OGQiLCJhbGciOiJIUzI1NiJ9.eyJ1cmwiOiJleGVyY2lzZS12aWRlb3MvZXhlcmNpc2UtMTc3MTM5MzI5NTgzMi5NUDQiLCJpYXQiOjE3NzQ3NjAxNDcsImV4cCI6MTc3NTM2NDk0N30.BvILNNEDJzhTc1rWZWRNuHf1-9LVd7jRYmCH8OLPhbo
exercise-videos,exercise-1771393366514.MP4,https://janlpetkbcgwndibxqha.supabase.co/storage/v1/object/sign/exercise-videos/exercise-1771393366514.MP4?token=eyJraWQiOiJzdG9yYWdlLXVybC1zaWduaW5nLWtleV8zZWRhM2IwYy02NTYwLTRiMTQtYmQxZi1mMzM0Njg1Yzk5OGQiLCJhbGciOiJIUzI1NiJ9.eyJ1cmwiOiJleGVyY2lzZS12aWRlb3MvZXhlcmNpc2UtMTc3MTM5MzM2NjUxNC5NUDQiLCJpYXQiOjE3NzQ3NjAxNDcsImV4cCI6MTc3NTM2NDk0N30.ivk3h6NIp7Mqz1cg2QQ3guF1k3T9WWtgWvxETTigtfI
exercise-videos,exercise-1771393483597.MP4,https://janlpetkbcgwndibxqha.supabase.co/storage/v1/object/sign/exercise-videos/exercise-1771393483597.MP4?token=eyJraWQiOiJzdG9yYWdlLXVybC1zaWduaW5nLWtleV8zZWRhM2IwYy02NTYwLTRiMTQtYmQxZi1mMzM0Njg1Yzk5OGQiLCJhbGciOiJIUzI1NiJ9.eyJ1cmwiOiJleGVyY2lzZS12aWRlb3MvZXhlcmNpc2UtMTc3MTM5MzQ4MzU5Ny5NUDQiLCJpYXQiOjE3NzQ3NjAxNDcsImV4cCI6MTc3NTM2NDk0N30.WAd_UvKqg_uWBsNtHnR0jZJ7b05a15wonbtkCHypBvQ
exercise-videos,exercise-1771393585467.MP4,https://janlpetkbcgwndibxqha.supabase.co/storage/v1/object/sign/exercise-videos/exercise-1771393585467.MP4?token=eyJraWQiOiJzdG9yYWdlLXVybC1zaWduaW5nLWtleV8zZWRhM2IwYy02NTYwLTRiMTQtYmQxZi1mMzM0Njg1Yzk5OGQiLCJhbGciOiJIUzI1NiJ9.eyJ1cmwiOiJleGVyY2lzZS12aWRlb3MvZXhlcmNpc2UtMTc3MTM5MzU4NTQ2Ny5NUDQiLCJpYXQiOjE3NzQ3NjAxNDgsImV4cCI6MTc3NTM2NDk0OH0.p8iqY2A1YkQMEMv7M2HOfGo54H597kRp2yu8yVoYJsE
exercise-videos,exercise-1771393637037.MP4,https://janlpetkbcgwndibxqha.supabase.co/storage/v1/object/sign/exercise-videos/exercise-1771393637037.MP4?token=eyJraWQiOiJzdG9yYWdlLXVybC1zaWduaW5nLWtleV8zZWRhM2IwYy02NTYwLTRiMTQtYmQxZi1mMzM0Njg1Yzk5OGQiLCJhbGciOiJIUzI1NiJ9.eyJ1cmwiOiJleGVyY2lzZS12aWRlb3MvZXhlcmNpc2UtMTc3MTM5MzYzNzAzNy5NUDQiLCJpYXQiOjE3NzQ3NjAxNDgsImV4cCI6MTc3NTM2NDk0OH0.T1lJNTwo6FqFH0kkmA18aNyNgApqUOde39Exh2TSPcc
exercise-videos,exercise-1771393728503.MP4,https://janlpetkbcgwndibxqha.supabase.co/storage/v1/object/sign/exercise-videos/exercise-1771393728503.MP4?token=eyJraWQiOiJzdG9yYWdlLXVybC1zaWduaW5nLWtleV8zZWRhM2IwYy02NTYwLTRiMTQtYmQxZi1mMzM0Njg1Yzk5OGQiLCJhbGciOiJIUzI1NiJ9.eyJ1cmwiOiJleGVyY2lzZS12aWRlb3MvZXhlcmNpc2UtMTc3MTM5MzcyODUwMy5NUDQiLCJpYXQiOjE3NzQ3NjAxNDgsImV4cCI6MTc3NTM2NDk0OH0.3w1q-GGUf09I0nn4aMMQzFMF8A_esBsdEJeImg3PaJQ
exercise-videos,exercise-1771393805222.MP4,https://janlpetkbcgwndibxqha.supabase.co/storage/v1/object/sign/exercise-videos/exercise-1771393805222.MP4?token=eyJraWQiOiJzdG9yYWdlLXVybC1zaWduaW5nLWtleV8zZWRhM2IwYy02NTYwLTRiMTQtYmQxZi1mMzM0Njg1Yzk5OGQiLCJhbGciOiJIUzI1NiJ9.eyJ1cmwiOiJleGVyY2lzZS12aWRlb3MvZXhlcmNpc2UtMTc3MTM5MzgwNTIyMi5NUDQiLCJpYXQiOjE3NzQ3NjAxNDgsImV4cCI6MTc3NTM2NDk0OH0.avU7kBRWYwENumULe5EIinbD7oHvndeBsIpsPVI4ZHs
exercise-videos,exercise-1771393904379.MP4,https://janlpetkbcgwndibxqha.supabase.co/storage/v1/object/sign/exercise-videos/exercise-1771393904379.MP4?token=eyJraWQiOiJzdG9yYWdlLXVybC1zaWduaW5nLWtleV8zZWRhM2IwYy02NTYwLTRiMTQtYmQxZi1mMzM0Njg1Yzk5OGQiLCJhbGciOiJIUzI1NiJ9.eyJ1cmwiOiJleGVyY2lzZS12aWRlb3MvZXhlcmNpc2UtMTc3MTM5MzkwNDM3OS5NUDQiLCJpYXQiOjE3NzQ3NjAxNDgsImV4cCI6MTc3NTM2NDk0OH0.NzrhxYeBfcP6xcQRTQdyLRXWSm3zPE_M5e43YrY2HU4
exercise-videos,exercise-1771393978758.MP4,https://janlpetkbcgwndibxqha.supabase.co/storage/v1/object/sign/exercise-videos/exercise-1771393978758.MP4?token=eyJraWQiOiJzdG9yYWdlLXVybC1zaWduaW5nLWtleV8zZWRhM2IwYy02NTYwLTRiMTQtYmQxZi1mMzM0Njg1Yzk5OGQiLCJhbGciOiJIUzI1NiJ9.eyJ1cmwiOiJleGVyY2lzZS12aWRlb3MvZXhlcmNpc2UtMTc3MTM5Mzk3ODc1OC5NUDQiLCJpYXQiOjE3NzQ3NjAxNDgsImV4cCI6MTc3NTM2NDk0OH0.ulErLMqPTCKirpEvvMIrzNuO4QOADTUCi9buP_E6v8w
exercise-videos,exercise-1771394039508.MP4,https://janlpetkbcgwndibxqha.supabase.co/storage/v1/object/sign/exercise-videos/exercise-1771394039508.MP4?token=eyJraWQiOiJzdG9yYWdlLXVybC1zaWduaW5nLWtleV8zZWRhM2IwYy02NTYwLTRiMTQtYmQxZi1mMzM0Njg1Yzk5OGQiLCJhbGciOiJIUzI1NiJ9.eyJ1cmwiOiJleGVyY2lzZS12aWRlb3MvZXhlcmNpc2UtMTc3MTM5NDAzOTUwOC5NUDQiLCJpYXQiOjE3NzQ3NjAxNDksImV4cCI6MTc3NTM2NDk0OX0.8_8mOkXyE_L7YMzDi1-A5rmLp3KcSVKvCNVhJwyHUw8
exercise-videos,exercise-1771394104572.MP4,https://janlpetkbcgwndibxqha.supabase.co/storage/v1/object/sign/exercise-videos/exercise-1771394104572.MP4?token=eyJraWQiOiJzdG9yYWdlLXVybC1zaWduaW5nLWtleV8zZWRhM2IwYy02NTYwLTRiMTQtYmQxZi1mMzM0Njg1Yzk5OGQiLCJhbGciOiJIUzI1NiJ9.eyJ1cmwiOiJleGVyY2lzZS12aWRlb3MvZXhlcmNpc2UtMTc3MTM5NDEwNDU3Mi5NUDQiLCJpYXQiOjE3NzQ3NjAxNDksImV4cCI6MTc3NTM2NDk0OX0.KY-N83C5xjBrYebcnx6Qb1UL0eM__hQIRzUB9tdMXYg
exercise-videos,exercise-1771394298483.MP4,https://janlpetkbcgwndibxqha.supabase.co/storage/v1/object/sign/exercise-videos/exercise-1771394298483.MP4?token=eyJraWQiOiJzdG9yYWdlLXVybC1zaWduaW5nLWtleV8zZWRhM2IwYy02NTYwLTRiMTQtYmQxZi1mMzM0Njg1Yzk5OGQiLCJhbGciOiJIUzI1NiJ9.eyJ1cmwiOiJleGVyY2lzZS12aWRlb3MvZXhlcmNpc2UtMTc3MTM5NDI5ODQ4My5NUDQiLCJpYXQiOjE3NzQ3NjAxNDksImV4cCI6MTc3NTM2NDk0OX0.SH5BQsVnaf0OW5gUv-F4HZcO1wCSQxWY2cHySOAN9GI
exercise-videos,exercise-1771394360470.MP4,https://janlpetkbcgwndibxqha.supabase.co/storage/v1/object/sign/exercise-videos/exercise-1771394360470.MP4?token=eyJraWQiOiJzdG9yYWdlLXVybC1zaWduaW5nLWtleV8zZWRhM2IwYy02NTYwLTRiMTQtYmQxZi1mMzM0Njg1Yzk5OGQiLCJhbGciOiJIUzI1NiJ9.eyJ1cmwiOiJleGVyY2lzZS12aWRlb3MvZXhlcmNpc2UtMTc3MTM5NDM2MDQ3MC5NUDQiLCJpYXQiOjE3NzQ3NjAxNDksImV4cCI6MTc3NTM2NDk0OX0.4MhA0YE7Y2PfaIUDMHv8TkTS4TUsA1ov2L8BrsE9Z2Q
exercise-videos,exercise-1771394458151.MP4,https://janlpetkbcgwndibxqha.supabase.co/storage/v1/object/sign/exercise-videos/exercise-1771394458151.MP4?token=eyJraWQiOiJzdG9yYWdlLXVybC1zaWduaW5nLWtleV8zZWRhM2IwYy02NTYwLTRiMTQtYmQxZi1mMzM0Njg1Yzk5OGQiLCJhbGciOiJIUzI1NiJ9.eyJ1cmwiOiJleGVyY2lzZS12aWRlb3MvZXhlcmNpc2UtMTc3MTM5NDQ1ODE1MS5NUDQiLCJpYXQiOjE3NzQ3NjAxNDksImV4cCI6MTc3NTM2NDk0OX0.VAgP534mSE5sFrkrDv_RvIaB7nYGRLuGzWc1lNJGqow
exercise-videos,exercise-1771394528253.MP4,https://janlpetkbcgwndibxqha.supabase.co/storage/v1/object/sign/exercise-videos/exercise-1771394528253.MP4?token=eyJraWQiOiJzdG9yYWdlLXVybC1zaWduaW5nLWtleV8zZWRhM2IwYy02NTYwLTRiMTQtYmQxZi1mMzM0Njg1Yzk5OGQiLCJhbGciOiJIUzI1NiJ9.eyJ1cmwiOiJleGVyY2lzZS12aWRlb3MvZXhlcmNpc2UtMTc3MTM5NDUyODI1My5NUDQiLCJpYXQiOjE3NzQ3NjAxNDksImV4cCI6MTc3NTM2NDk0OX0.nihcuAgIqp_BzeDn7dg-E2HiGu8MsNxMyoaZua1hI1A
exercise-videos,exercise-1771394582490.MP4,https://janlpetkbcgwndibxqha.supabase.co/storage/v1/object/sign/exercise-videos/exercise-1771394582490.MP4?token=eyJraWQiOiJzdG9yYWdlLXVybC1zaWduaW5nLWtleV8zZWRhM2IwYy02NTYwLTRiMTQtYmQxZi1mMzM0Njg1Yzk5OGQiLCJhbGciOiJIUzI1NiJ9.eyJ1cmwiOiJleGVyY2lzZS12aWRlb3MvZXhlcmNpc2UtMTc3MTM5NDU4MjQ5MC5NUDQiLCJpYXQiOjE3NzQ3NjAxNTAsImV4cCI6MTc3NTM2NDk1MH0.IerRvEimZRSfZGWeRmeYmcIDlZYNPRKntMMFOuaPNxE
exercise-videos,exercise-1771394749685.MP4,https://janlpetkbcgwndibxqha.supabase.co/storage/v1/object/sign/exercise-videos/exercise-1771394749685.MP4?token=eyJraWQiOiJzdG9yYWdlLXVybC1zaWduaW5nLWtleV8zZWRhM2IwYy02NTYwLTRiMTQtYmQxZi1mMzM0Njg1Yzk5OGQiLCJhbGciOiJIUzI1NiJ9.eyJ1cmwiOiJleGVyY2lzZS12aWRlb3MvZXhlcmNpc2UtMTc3MTM5NDc0OTY4NS5NUDQiLCJpYXQiOjE3NzQ3NjAxNTAsImV4cCI6MTc3NTM2NDk1MH0.0msqeVSrznY3OQMxzbp6se2YAkm5XD_-MRlDEr9juIQ
exercise-videos,exercise-1771394839174.MP4,https://janlpetkbcgwndibxqha.supabase.co/storage/v1/object/sign/exercise-videos/exercise-1771394839174.MP4?token=eyJraWQiOiJzdG9yYWdlLXVybC1zaWduaW5nLWtleV8zZWRhM2IwYy02NTYwLTRiMTQtYmQxZi1mMzM0Njg1Yzk5OGQiLCJhbGciOiJIUzI1NiJ9.eyJ1cmwiOiJleGVyY2lzZS12aWRlb3MvZXhlcmNpc2UtMTc3MTM5NDgzOTE3NC5NUDQiLCJpYXQiOjE3NzQ3NjAxNTAsImV4cCI6MTc3NTM2NDk1MH0.2JKru7W0sRftO6umpKfBZQRnM8qMC1mcg7WCrP8DIbg
exercise-videos,exercise-1771394947427.MP4,https://janlpetkbcgwndibxqha.supabase.co/storage/v1/object/sign/exercise-videos/exercise-1771394947427.MP4?token=eyJraWQiOiJzdG9yYWdlLXVybC1zaWduaW5nLWtleV8zZWRhM2IwYy02NTYwLTRiMTQtYmQxZi1mMzM0Njg1Yzk5OGQiLCJhbGciOiJIUzI1NiJ9.eyJ1cmwiOiJleGVyY2lzZS12aWRlb3MvZXhlcmNpc2UtMTc3MTM5NDk0NzQyNy5NUDQiLCJpYXQiOjE3NzQ3NjAxNTAsImV4cCI6MTc3NTM2NDk1MH0.QR31y52olnVVVYjLRJfxW7TG7Hjkm0NQrI_V_-ZaEWM
exercise-videos,exercise-1771395025054.MP4,https://janlpetkbcgwndibxqha.supabase.co/storage/v1/object/sign/exercise-videos/exercise-1771395025054.MP4?token=eyJraWQiOiJzdG9yYWdlLXVybC1zaWduaW5nLWtleV8zZWRhM2IwYy02NTYwLTRiMTQtYmQxZi1mMzM0Njg1Yzk5OGQiLCJhbGciOiJIUzI1NiJ9.eyJ1cmwiOiJleGVyY2lzZS12aWRlb3MvZXhlcmNpc2UtMTc3MTM5NTAyNTA1NC5NUDQiLCJpYXQiOjE3NzQ3NjAxNTAsImV4cCI6MTc3NTM2NDk1MH0.JC8p12TgMJl_UmjrfNeTSSaqyOXc2uFVAzVPKFav2NY
exercise-videos,exercise-1771395087631.MP4,https://janlpetkbcgwndibxqha.supabase.co/storage/v1/object/sign/exercise-videos/exercise-1771395087631.MP4?token=eyJraWQiOiJzdG9yYWdlLXVybC1zaWduaW5nLWtleV8zZWRhM2IwYy02NTYwLTRiMTQtYmQxZi1mMzM0Njg1Yzk5OGQiLCJhbGciOiJIUzI1NiJ9.eyJ1cmwiOiJleGVyY2lzZS12aWRlb3MvZXhlcmNpc2UtMTc3MTM5NTA4NzYzMS5NUDQiLCJpYXQiOjE3NzQ3NjAxNTAsImV4cCI6MTc3NTM2NDk1MH0.KkFaacS4-9n3b3O1SpAP4glTIYFpJHACw2gqytLhuhk
exercise-videos,exercise-1771395197826.MP4,https://janlpetkbcgwndibxqha.supabase.co/storage/v1/object/sign/exercise-videos/exercise-1771395197826.MP4?token=eyJraWQiOiJzdG9yYWdlLXVybC1zaWduaW5nLWtleV8zZWRhM2IwYy02NTYwLTRiMTQtYmQxZi1mMzM0Njg1Yzk5OGQiLCJhbGciOiJIUzI1NiJ9.eyJ1cmwiOiJleGVyY2lzZS12aWRlb3MvZXhlcmNpc2UtMTc3MTM5NTE5NzgyNi5NUDQiLCJpYXQiOjE3NzQ3NjAxNTAsImV4cCI6MTc3NTM2NDk1MH0.YFOx_VjTTh_CGUsNi-XkN7Ijz8ZGWhivDGv7PR0hoMI
exercise-videos,exercise-1771395245344.MP4,https://janlpetkbcgwndibxqha.supabase.co/storage/v1/object/sign/exercise-videos/exercise-1771395245344.MP4?token=eyJraWQiOiJzdG9yYWdlLXVybC1zaWduaW5nLWtleV8zZWRhM2IwYy02NTYwLTRiMTQtYmQxZi1mMzM0Njg1Yzk5OGQiLCJhbGciOiJIUzI1NiJ9.eyJ1cmwiOiJleGVyY2lzZS12aWRlb3MvZXhlcmNpc2UtMTc3MTM5NTI0NTM0NC5NUDQiLCJpYXQiOjE3NzQ3NjAxNTEsImV4cCI6MTc3NTM2NDk1MX0._SmWBQdjV3IM3TnX32_CgkpusKacwepBAb7WcCkDtFY
exercise-videos,exercise-1771395324159.MP4,https://janlpetkbcgwndibxqha.supabase.co/storage/v1/object/sign/exercise-videos/exercise-1771395324159.MP4?token=eyJraWQiOiJzdG9yYWdlLXVybC1zaWduaW5nLWtleV8zZWRhM2IwYy02NTYwLTRiMTQtYmQxZi1mMzM0Njg1Yzk5OGQiLCJhbGciOiJIUzI1NiJ9.eyJ1cmwiOiJleGVyY2lzZS12aWRlb3MvZXhlcmNpc2UtMTc3MTM5NTMyNDE1OS5NUDQiLCJpYXQiOjE3NzQ3NjAxNTEsImV4cCI6MTc3NTM2NDk1MX0.vWgzVK5l0csJYfaYGnueEv4DCqz-bBq3g1LbwfsE7DM
exercise-videos,exercise-1771395411257.MP4,https://janlpetkbcgwndibxqha.supabase.co/storage/v1/object/sign/exercise-videos/exercise-1771395411257.MP4?token=eyJraWQiOiJzdG9yYWdlLXVybC1zaWduaW5nLWtleV8zZWRhM2IwYy02NTYwLTRiMTQtYmQxZi1mMzM0Njg1Yzk5OGQiLCJhbGciOiJIUzI1NiJ9.eyJ1cmwiOiJleGVyY2lzZS12aWRlb3MvZXhlcmNpc2UtMTc3MTM5NTQxMTI1Ny5NUDQiLCJpYXQiOjE3NzQ3NjAxNTEsImV4cCI6MTc3NTM2NDk1MX0.yr83abM4XTf2qFvWWcLUKpAFDZ6LmnHKYI9m_TDbyrk
exercise-videos,exercise-1771395488759.MP4,https://janlpetkbcgwndibxqha.supabase.co/storage/v1/object/sign/exercise-videos/exercise-1771395488759.MP4?token=eyJraWQiOiJzdG9yYWdlLXVybC1zaWduaW5nLWtleV8zZWRhM2IwYy02NTYwLTRiMTQtYmQxZi1mMzM0Njg1Yzk5OGQiLCJhbGciOiJIUzI1NiJ9.eyJ1cmwiOiJleGVyY2lzZS12aWRlb3MvZXhlcmNpc2UtMTc3MTM5NTQ4ODc1OS5NUDQiLCJpYXQiOjE3NzQ3NjAxNTEsImV4cCI6MTc3NTM2NDk1MX0.TsqpkpKPXqPZyj6rDu0TrJvpBzfoiVtrGs3KLv6Nje0
exercise-videos,exercise-1771395566294.MP4,https://janlpetkbcgwndibxqha.supabase.co/storage/v1/object/sign/exercise-videos/exercise-1771395566294.MP4?token=eyJraWQiOiJzdG9yYWdlLXVybC1zaWduaW5nLWtleV8zZWRhM2IwYy02NTYwLTRiMTQtYmQxZi1mMzM0Njg1Yzk5OGQiLCJhbGciOiJIUzI1NiJ9.eyJ1cmwiOiJleGVyY2lzZS12aWRlb3MvZXhlcmNpc2UtMTc3MTM5NTU2NjI5NC5NUDQiLCJpYXQiOjE3NzQ3NjAxNTEsImV4cCI6MTc3NTM2NDk1MX0.9J3Ec1ur2k_l0E7wHe6Ydbym8aoKDcogl2Fl304vNQU
exercise-videos,exercise-1771395682477.MP4,https://janlpetkbcgwndibxqha.supabase.co/storage/v1/object/sign/exercise-videos/exercise-1771395682477.MP4?token=eyJraWQiOiJzdG9yYWdlLXVybC1zaWduaW5nLWtleV8zZWRhM2IwYy02NTYwLTRiMTQtYmQxZi1mMzM0Njg1Yzk5OGQiLCJhbGciOiJIUzI1NiJ9.eyJ1cmwiOiJleGVyY2lzZS12aWRlb3MvZXhlcmNpc2UtMTc3MTM5NTY4MjQ3Ny5NUDQiLCJpYXQiOjE3NzQ3NjAxNTEsImV4cCI6MTc3NTM2NDk1MX0.Zz_gp0LiqH5Djp8qhSQ8kfgG9ZOhtMWQDyL0ioak_L8
exercise-videos,exercise-1771395731105.MP4,https://janlpetkbcgwndibxqha.supabase.co/storage/v1/object/sign/exercise-videos/exercise-1771395731105.MP4?token=eyJraWQiOiJzdG9yYWdlLXVybC1zaWduaW5nLWtleV8zZWRhM2IwYy02NTYwLTRiMTQtYmQxZi1mMzM0Njg1Yzk5OGQiLCJhbGciOiJIUzI1NiJ9.eyJ1cmwiOiJleGVyY2lzZS12aWRlb3MvZXhlcmNpc2UtMTc3MTM5NTczMTEwNS5NUDQiLCJpYXQiOjE3NzQ3NjAxNTEsImV4cCI6MTc3NTM2NDk1MX0.8YOhPUP3XCJyaBWTGCKMMbHdMqmwFv1q-YIumpfG5Xg
exercise-videos,exercise-1771395775614.MP4,https://janlpetkbcgwndibxqha.supabase.co/storage/v1/object/sign/exercise-videos/exercise-1771395775614.MP4?token=eyJraWQiOiJzdG9yYWdlLXVybC1zaWduaW5nLWtleV8zZWRhM2IwYy02NTYwLTRiMTQtYmQxZi1mMzM0Njg1Yzk5OGQiLCJhbGciOiJIUzI1NiJ9.eyJ1cmwiOiJleGVyY2lzZS12aWRlb3MvZXhlcmNpc2UtMTc3MTM5NTc3NTYxNC5NUDQiLCJpYXQiOjE3NzQ3NjAxNTEsImV4cCI6MTc3NTM2NDk1MX0.Bup98Qk9sIubxxFHurF4JuTOdGRCOeJ3-4GjzMrv-Ug
exercise-videos,exercise-1771395882614.MP4,https://janlpetkbcgwndibxqha.supabase.co/storage/v1/object/sign/exercise-videos/exercise-1771395882614.MP4?token=eyJraWQiOiJzdG9yYWdlLXVybC1zaWduaW5nLWtleV8zZWRhM2IwYy02NTYwLTRiMTQtYmQxZi1mMzM0Njg1Yzk5OGQiLCJhbGciOiJIUzI1NiJ9.eyJ1cmwiOiJleGVyY2lzZS12aWRlb3MvZXhlcmNpc2UtMTc3MTM5NTg4MjYxNC5NUDQiLCJpYXQiOjE3NzQ3NjAxNTEsImV4cCI6MTc3NTM2NDk1MX0.-2eCpWbQYw81iafPF8me6I2i-xvpCaWdIWSG7lbRWyA
exercise-videos,exercise-1771395934862.MP4,https://janlpetkbcgwndibxqha.supabase.co/storage/v1/object/sign/exercise-videos/exercise-1771395934862.MP4?token=eyJraWQiOiJzdG9yYWdlLXVybC1zaWduaW5nLWtleV8zZWRhM2IwYy02NTYwLTRiMTQtYmQxZi1mMzM0Njg1Yzk5OGQiLCJhbGciOiJIUzI1NiJ9.eyJ1cmwiOiJleGVyY2lzZS12aWRlb3MvZXhlcmNpc2UtMTc3MTM5NTkzNDg2Mi5NUDQiLCJpYXQiOjE3NzQ3NjAxNTIsImV4cCI6MTc3NTM2NDk1Mn0.P7lm9VBZOrgGu3b7w6XeCDZyjIXih5sOAlFI6T8KZzY
exercise-videos,exercise-1771396077931.MP4,https://janlpetkbcgwndibxqha.supabase.co/storage/v1/object/sign/exercise-videos/exercise-1771396077931.MP4?token=eyJraWQiOiJzdG9yYWdlLXVybC1zaWduaW5nLWtleV8zZWRhM2IwYy02NTYwLTRiMTQtYmQxZi1mMzM0Njg1Yzk5OGQiLCJhbGciOiJIUzI1NiJ9.eyJ1cmwiOiJleGVyY2lzZS12aWRlb3MvZXhlcmNpc2UtMTc3MTM5NjA3NzkzMS5NUDQiLCJpYXQiOjE3NzQ3NjAxNTIsImV4cCI6MTc3NTM2NDk1Mn0.j38VCubnB0ILEQKvG4hIkvIqsiq371YilyGmKiELL3A
exercise-videos,exercise-1771396156130.MP4,https://janlpetkbcgwndibxqha.supabase.co/storage/v1/object/sign/exercise-videos/exercise-1771396156130.MP4?token=eyJraWQiOiJzdG9yYWdlLXVybC1zaWduaW5nLWtleV8zZWRhM2IwYy02NTYwLTRiMTQtYmQxZi1mMzM0Njg1Yzk5OGQiLCJhbGciOiJIUzI1NiJ9.eyJ1cmwiOiJleGVyY2lzZS12aWRlb3MvZXhlcmNpc2UtMTc3MTM5NjE1NjEzMC5NUDQiLCJpYXQiOjE3NzQ3NjAxNTIsImV4cCI6MTc3NTM2NDk1Mn0.ahS38rgsZq3msD_gklV3DI2vaf4lKhbrQUTPuEW9hqo
exercise-videos,exercise-1771396224375.MP4,https://janlpetkbcgwndibxqha.supabase.co/storage/v1/object/sign/exercise-videos/exercise-1771396224375.MP4?token=eyJraWQiOiJzdG9yYWdlLXVybC1zaWduaW5nLWtleV8zZWRhM2IwYy02NTYwLTRiMTQtYmQxZi1mMzM0Njg1Yzk5OGQiLCJhbGciOiJIUzI1NiJ9.eyJ1cmwiOiJleGVyY2lzZS12aWRlb3MvZXhlcmNpc2UtMTc3MTM5NjIyNDM3NS5NUDQiLCJpYXQiOjE3NzQ3NjAxNTIsImV4cCI6MTc3NTM2NDk1Mn0.myHQwGwwnu8xlmy5f4O664lC09Wfo9c8uvD3lNNwW68
exercise-videos,exercise-1771396383468.MP4,https://janlpetkbcgwndibxqha.supabase.co/storage/v1/object/sign/exercise-videos/exercise-1771396383468.MP4?token=eyJraWQiOiJzdG9yYWdlLXVybC1zaWduaW5nLWtleV8zZWRhM2IwYy02NTYwLTRiMTQtYmQxZi1mMzM0Njg1Yzk5OGQiLCJhbGciOiJIUzI1NiJ9.eyJ1cmwiOiJleGVyY2lzZS12aWRlb3MvZXhlcmNpc2UtMTc3MTM5NjM4MzQ2OC5NUDQiLCJpYXQiOjE3NzQ3NjAxNTIsImV4cCI6MTc3NTM2NDk1Mn0.yIqouzFHjzjLpKZhwy-Q-VFURVvLjvCrZxKs_BQIrUI
exercise-videos,exercise-1771396422899.MP4,https://janlpetkbcgwndibxqha.supabase.co/storage/v1/object/sign/exercise-videos/exercise-1771396422899.MP4?token=eyJraWQiOiJzdG9yYWdlLXVybC1zaWduaW5nLWtleV8zZWRhM2IwYy02NTYwLTRiMTQtYmQxZi1mMzM0Njg1Yzk5OGQiLCJhbGciOiJIUzI1NiJ9.eyJ1cmwiOiJleGVyY2lzZS12aWRlb3MvZXhlcmNpc2UtMTc3MTM5NjQyMjg5OS5NUDQiLCJpYXQiOjE3NzQ3NjAxNTIsImV4cCI6MTc3NTM2NDk1Mn0.TB8UrfL9j9cIx2WauSEY1Qot4WEnhQLfo9n2oUYigpw
exercise-videos,exercise-1771396494869.MP4,https://janlpetkbcgwndibxqha.supabase.co/storage/v1/object/sign/exercise-videos/exercise-1771396494869.MP4?token=eyJraWQiOiJzdG9yYWdlLXVybC1zaWduaW5nLWtleV8zZWRhM2IwYy02NTYwLTRiMTQtYmQxZi1mMzM0Njg1Yzk5OGQiLCJhbGciOiJIUzI1NiJ9.eyJ1cmwiOiJleGVyY2lzZS12aWRlb3MvZXhlcmNpc2UtMTc3MTM5NjQ5NDg2OS5NUDQiLCJpYXQiOjE3NzQ3NjAxNTMsImV4cCI6MTc3NTM2NDk1M30.9phVIbB260IBftg8GT-1P-9n5N1sHStG71JDAvjzhwA
exercise-videos,exercise-1771396633593.MP4,https://janlpetkbcgwndibxqha.supabase.co/storage/v1/object/sign/exercise-videos/exercise-1771396633593.MP4?token=eyJraWQiOiJzdG9yYWdlLXVybC1zaWduaW5nLWtleV8zZWRhM2IwYy02NTYwLTRiMTQtYmQxZi1mMzM0Njg1Yzk5OGQiLCJhbGciOiJIUzI1NiJ9.eyJ1cmwiOiJleGVyY2lzZS12aWRlb3MvZXhlcmNpc2UtMTc3MTM5NjYzMzU5My5NUDQiLCJpYXQiOjE3NzQ3NjAxNTMsImV4cCI6MTc3NTM2NDk1M30.esFf-jfojZwppItoR21rXfZFMaYw9wezsH5E_y-0Svg
exercise-videos,exercise-1772133567924.MP4,https://janlpetkbcgwndibxqha.supabase.co/storage/v1/object/sign/exercise-videos/exercise-1772133567924.MP4?token=eyJraWQiOiJzdG9yYWdlLXVybC1zaWduaW5nLWtleV8zZWRhM2IwYy02NTYwLTRiMTQtYmQxZi1mMzM0Njg1Yzk5OGQiLCJhbGciOiJIUzI1NiJ9.eyJ1cmwiOiJleGVyY2lzZS12aWRlb3MvZXhlcmNpc2UtMTc3MjEzMzU2NzkyNC5NUDQiLCJpYXQiOjE3NzQ3NjAxNTMsImV4cCI6MTc3NTM2NDk1M30.ULhwvKZTXHjQAT2qtg-YnkWlyzLxAfbbeVyAl3MRklU
exercise-videos,exercise-1772133629645.MP4,https://janlpetkbcgwndibxqha.supabase.co/storage/v1/object/sign/exercise-videos/exercise-1772133629645.MP4?token=eyJraWQiOiJzdG9yYWdlLXVybC1zaWduaW5nLWtleV8zZWRhM2IwYy02NTYwLTRiMTQtYmQxZi1mMzM0Njg1Yzk5OGQiLCJhbGciOiJIUzI1NiJ9.eyJ1cmwiOiJleGVyY2lzZS12aWRlb3MvZXhlcmNpc2UtMTc3MjEzMzYyOTY0NS5NUDQiLCJpYXQiOjE3NzQ3NjAxNTMsImV4cCI6MTc3NTM2NDk1M30.ES51mXwhhT3psTCjlAOhJYjqmIR9-v1i27QF2aH2qCQ
exercise-videos,exercise-1772133669119.MP4,https://janlpetkbcgwndibxqha.supabase.co/storage/v1/object/sign/exercise-videos/exercise-1772133669119.MP4?token=eyJraWQiOiJzdG9yYWdlLXVybC1zaWduaW5nLWtleV8zZWRhM2IwYy02NTYwLTRiMTQtYmQxZi1mMzM0Njg1Yzk5OGQiLCJhbGciOiJIUzI1NiJ9.eyJ1cmwiOiJleGVyY2lzZS12aWRlb3MvZXhlcmNpc2UtMTc3MjEzMzY2OTExOS5NUDQiLCJpYXQiOjE3NzQ3NjAxNTMsImV4cCI6MTc3NTM2NDk1M30.w4eDd4V8eSyttlvSqTC7N_4B2FBh1Fakd4ii8NtMu4Q
exercise-videos,exercise-1772133700219.MP4,https://janlpetkbcgwndibxqha.supabase.co/storage/v1/object/sign/exercise-videos/exercise-1772133700219.MP4?token=eyJraWQiOiJzdG9yYWdlLXVybC1zaWduaW5nLWtleV8zZWRhM2IwYy02NTYwLTRiMTQtYmQxZi1mMzM0Njg1Yzk5OGQiLCJhbGciOiJIUzI1NiJ9.eyJ1cmwiOiJleGVyY2lzZS12aWRlb3MvZXhlcmNpc2UtMTc3MjEzMzcwMDIxOS5NUDQiLCJpYXQiOjE3NzQ3NjAxNTMsImV4cCI6MTc3NTM2NDk1M30.1hqbdNc_5uwRT3g4AC1f3Jkz-NtOzf-HcS9FWaSlm0E
exercise-videos,exercise-1772133723354.MP4,https://janlpetkbcgwndibxqha.supabase.co/storage/v1/object/sign/exercise-videos/exercise-1772133723354.MP4?token=eyJraWQiOiJzdG9yYWdlLXVybC1zaWduaW5nLWtleV8zZWRhM2IwYy02NTYwLTRiMTQtYmQxZi1mMzM0Njg1Yzk5OGQiLCJhbGciOiJIUzI1NiJ9.eyJ1cmwiOiJleGVyY2lzZS12aWRlb3MvZXhlcmNpc2UtMTc3MjEzMzcyMzM1NC5NUDQiLCJpYXQiOjE3NzQ3NjAxNTMsImV4cCI6MTc3NTM2NDk1M30.eg2RkT6nWrFolN-dOIPW8Q5kuCBV4Kq_SF-0pR1L7HY
exercise-videos,exercise-1772133763339.MP4,https://janlpetkbcgwndibxqha.supabase.co/storage/v1/object/sign/exercise-videos/exercise-1772133763339.MP4?token=eyJraWQiOiJzdG9yYWdlLXVybC1zaWduaW5nLWtleV8zZWRhM2IwYy02NTYwLTRiMTQtYmQxZi1mMzM0Njg1Yzk5OGQiLCJhbGciOiJIUzI1NiJ9.eyJ1cmwiOiJleGVyY2lzZS12aWRlb3MvZXhlcmNpc2UtMTc3MjEzMzc2MzMzOS5NUDQiLCJpYXQiOjE3NzQ3NjAxNTQsImV4cCI6MTc3NTM2NDk1NH0.SIKY1btwelieCoJ-KSu0CzkwOJswEVsT7usl8_-OPys
exercise-videos,exercise-1772133810604.MP4,https://janlpetkbcgwndibxqha.supabase.co/storage/v1/object/sign/exercise-videos/exercise-1772133810604.MP4?token=eyJraWQiOiJzdG9yYWdlLXVybC1zaWduaW5nLWtleV8zZWRhM2IwYy02NTYwLTRiMTQtYmQxZi1mMzM0Njg1Yzk5OGQiLCJhbGciOiJIUzI1NiJ9.eyJ1cmwiOiJleGVyY2lzZS12aWRlb3MvZXhlcmNpc2UtMTc3MjEzMzgxMDYwNC5NUDQiLCJpYXQiOjE3NzQ3NjAxNTQsImV4cCI6MTc3NTM2NDk1NH0.HZkbZTGg_Z39sZh9Cu7opH6VoXHXmwzwGVnPwm4lN8E
exercise-videos,exercise-1772133858126.MP4,https://janlpetkbcgwndibxqha.supabase.co/storage/v1/object/sign/exercise-videos/exercise-1772133858126.MP4?token=eyJraWQiOiJzdG9yYWdlLXVybC1zaWduaW5nLWtleV8zZWRhM2IwYy02NTYwLTRiMTQtYmQxZi1mMzM0Njg1Yzk5OGQiLCJhbGciOiJIUzI1NiJ9.eyJ1cmwiOiJleGVyY2lzZS12aWRlb3MvZXhlcmNpc2UtMTc3MjEzMzg1ODEyNi5NUDQiLCJpYXQiOjE3NzQ3NjAxNTQsImV4cCI6MTc3NTM2NDk1NH0.2dhub_AJMuBPIL8EY1oxy1YuM1XZ8r2X-nG0FfPSQgo
exercise-videos,exercise-1772133941572.MP4,https://janlpetkbcgwndibxqha.supabase.co/storage/v1/object/sign/exercise-videos/exercise-1772133941572.MP4?token=eyJraWQiOiJzdG9yYWdlLXVybC1zaWduaW5nLWtleV8zZWRhM2IwYy02NTYwLTRiMTQtYmQxZi1mMzM0Njg1Yzk5OGQiLCJhbGciOiJIUzI1NiJ9.eyJ1cmwiOiJleGVyY2lzZS12aWRlb3MvZXhlcmNpc2UtMTc3MjEzMzk0MTU3Mi5NUDQiLCJpYXQiOjE3NzQ3NjAxNTQsImV4cCI6MTc3NTM2NDk1NH0.aciQpXxaPiazuzR3XgbB8khSWZIqE-fNHYckgCPvMeI
exercise-videos,exercise-1772134060261.MP4,https://janlpetkbcgwndibxqha.supabase.co/storage/v1/object/sign/exercise-videos/exercise-1772134060261.MP4?token=eyJraWQiOiJzdG9yYWdlLXVybC1zaWduaW5nLWtleV8zZWRhM2IwYy02NTYwLTRiMTQtYmQxZi1mMzM0Njg1Yzk5OGQiLCJhbGciOiJIUzI1NiJ9.eyJ1cmwiOiJleGVyY2lzZS12aWRlb3MvZXhlcmNpc2UtMTc3MjEzNDA2MDI2MS5NUDQiLCJpYXQiOjE3NzQ3NjAxNTQsImV4cCI6MTc3NTM2NDk1NH0.twqyriUD36ZR0c2NVjJBTjk1b95ki1ZqCLj6dZkV-MU
exercise-videos,exercise-1772134499461.MP4,https://janlpetkbcgwndibxqha.supabase.co/storage/v1/object/sign/exercise-videos/exercise-1772134499461.MP4?token=eyJraWQiOiJzdG9yYWdlLXVybC1zaWduaW5nLWtleV8zZWRhM2IwYy02NTYwLTRiMTQtYmQxZi1mMzM0Njg1Yzk5OGQiLCJhbGciOiJIUzI1NiJ9.eyJ1cmwiOiJleGVyY2lzZS12aWRlb3MvZXhlcmNpc2UtMTc3MjEzNDQ5OTQ2MS5NUDQiLCJpYXQiOjE3NzQ3NjAxNTQsImV4cCI6MTc3NTM2NDk1NH0.B8z3EV3ohAZEk4eTdxC9M3j8M3vxqXuM-nJPDIq72eI
exercise-videos,exercise-1772134675454.MP4,https://janlpetkbcgwndibxqha.supabase.co/storage/v1/object/sign/exercise-videos/exercise-1772134675454.MP4?token=eyJraWQiOiJzdG9yYWdlLXVybC1zaWduaW5nLWtleV8zZWRhM2IwYy02NTYwLTRiMTQtYmQxZi1mMzM0Njg1Yzk5OGQiLCJhbGciOiJIUzI1NiJ9.eyJ1cmwiOiJleGVyY2lzZS12aWRlb3MvZXhlcmNpc2UtMTc3MjEzNDY3NTQ1NC5NUDQiLCJpYXQiOjE3NzQ3NjAxNTQsImV4cCI6MTc3NTM2NDk1NH0.vC7oEovKb5UDj4YkbKvowxNag8-_88xDWTzdtQLIci0
exercise-videos,exercise-1772134902556.MP4,https://janlpetkbcgwndibxqha.supabase.co/storage/v1/object/sign/exercise-videos/exercise-1772134902556.MP4?token=eyJraWQiOiJzdG9yYWdlLXVybC1zaWduaW5nLWtleV8zZWRhM2IwYy02NTYwLTRiMTQtYmQxZi1mMzM0Njg1Yzk5OGQiLCJhbGciOiJIUzI1NiJ9.eyJ1cmwiOiJleGVyY2lzZS12aWRlb3MvZXhlcmNpc2UtMTc3MjEzNDkwMjU1Ni5NUDQiLCJpYXQiOjE3NzQ3NjAxNTQsImV4cCI6MTc3NTM2NDk1NH0.QNbyAprkwYZo51Y9UCdtywzIN8lOzsb6mJKack1QOs0
exercise-videos,exercise-1772134960685.MP4,https://janlpetkbcgwndibxqha.supabase.co/storage/v1/object/sign/exercise-videos/exercise-1772134960685.MP4?token=eyJraWQiOiJzdG9yYWdlLXVybC1zaWduaW5nLWtleV8zZWRhM2IwYy02NTYwLTRiMTQtYmQxZi1mMzM0Njg1Yzk5OGQiLCJhbGciOiJIUzI1NiJ9.eyJ1cmwiOiJleGVyY2lzZS12aWRlb3MvZXhlcmNpc2UtMTc3MjEzNDk2MDY4NS5NUDQiLCJpYXQiOjE3NzQ3NjAxNTUsImV4cCI6MTc3NTM2NDk1NX0.vFbkYcu1iEzOS-ERsXLPoYOoot2p3tli0ffnTv8kF8U
exercise-videos,exercise-1772135092159.MP4,https://janlpetkbcgwndibxqha.supabase.co/storage/v1/object/sign/exercise-videos/exercise-1772135092159.MP4?token=eyJraWQiOiJzdG9yYWdlLXVybC1zaWduaW5nLWtleV8zZWRhM2IwYy02NTYwLTRiMTQtYmQxZi1mMzM0Njg1Yzk5OGQiLCJhbGciOiJIUzI1NiJ9.eyJ1cmwiOiJleGVyY2lzZS12aWRlb3MvZXhlcmNpc2UtMTc3MjEzNTA5MjE1OS5NUDQiLCJpYXQiOjE3NzQ3NjAxNTUsImV4cCI6MTc3NTM2NDk1NX0.QVsf9hSkWnzN9Yit8KZyWDbimD66YtjtwZS5boraW0Y
exercise-videos,exercise-1772135248382.MP4,https://janlpetkbcgwndibxqha.supabase.co/storage/v1/object/sign/exercise-videos/exercise-1772135248382.MP4?token=eyJraWQiOiJzdG9yYWdlLXVybC1zaWduaW5nLWtleV8zZWRhM2IwYy02NTYwLTRiMTQtYmQxZi1mMzM0Njg1Yzk5OGQiLCJhbGciOiJIUzI1NiJ9.eyJ1cmwiOiJleGVyY2lzZS12aWRlb3MvZXhlcmNpc2UtMTc3MjEzNTI0ODM4Mi5NUDQiLCJpYXQiOjE3NzQ3NjAxNTUsImV4cCI6MTc3NTM2NDk1NX0.conTARkVVWBtcs4uayokSHTXqeZ6wLJglPoboXUx040
exercise-videos,exercise-1772135397733.MP4,https://janlpetkbcgwndibxqha.supabase.co/storage/v1/object/sign/exercise-videos/exercise-1772135397733.MP4?token=eyJraWQiOiJzdG9yYWdlLXVybC1zaWduaW5nLWtleV8zZWRhM2IwYy02NTYwLTRiMTQtYmQxZi1mMzM0Njg1Yzk5OGQiLCJhbGciOiJIUzI1NiJ9.eyJ1cmwiOiJleGVyY2lzZS12aWRlb3MvZXhlcmNpc2UtMTc3MjEzNTM5NzczMy5NUDQiLCJpYXQiOjE3NzQ3NjAxNTUsImV4cCI6MTc3NTM2NDk1NX0._0whEvIZ8aInxxH4A64mi-4qc-iE0f6dvVUr2QR2UvM
exercise-videos,exercise-1772135519638.MP4,https://janlpetkbcgwndibxqha.supabase.co/storage/v1/object/sign/exercise-videos/exercise-1772135519638.MP4?token=eyJraWQiOiJzdG9yYWdlLXVybC1zaWduaW5nLWtleV8zZWRhM2IwYy02NTYwLTRiMTQtYmQxZi1mMzM0Njg1Yzk5OGQiLCJhbGciOiJIUzI1NiJ9.eyJ1cmwiOiJleGVyY2lzZS12aWRlb3MvZXhlcmNpc2UtMTc3MjEzNTUxOTYzOC5NUDQiLCJpYXQiOjE3NzQ3NjAxNTUsImV4cCI6MTc3NTM2NDk1NX0.rD5OuAOBbyn9lkEvQFzmF76AylEvcB-ag1khXwZfZZs
exercise-videos,exercise-1772135763663.MP4,https://janlpetkbcgwndibxqha.supabase.co/storage/v1/object/sign/exercise-videos/exercise-1772135763663.MP4?token=eyJraWQiOiJzdG9yYWdlLXVybC1zaWduaW5nLWtleV8zZWRhM2IwYy02NTYwLTRiMTQtYmQxZi1mMzM0Njg1Yzk5OGQiLCJhbGciOiJIUzI1NiJ9.eyJ1cmwiOiJleGVyY2lzZS12aWRlb3MvZXhlcmNpc2UtMTc3MjEzNTc2MzY2My5NUDQiLCJpYXQiOjE3NzQ3NjAxNTUsImV4cCI6MTc3NTM2NDk1NX0.jANM5hony5ifs7X4mpkfPRc7JPip1GsODWdAmlAEV4o
exercise-videos,exercise-1772135830686.MP4,https://janlpetkbcgwndibxqha.supabase.co/storage/v1/object/sign/exercise-videos/exercise-1772135830686.MP4?token=eyJraWQiOiJzdG9yYWdlLXVybC1zaWduaW5nLWtleV8zZWRhM2IwYy02NTYwLTRiMTQtYmQxZi1mMzM0Njg1Yzk5OGQiLCJhbGciOiJIUzI1NiJ9.eyJ1cmwiOiJleGVyY2lzZS12aWRlb3MvZXhlcmNpc2UtMTc3MjEzNTgzMDY4Ni5NUDQiLCJpYXQiOjE3NzQ3NjAxNTUsImV4cCI6MTc3NTM2NDk1NX0.bFXnAH7y0SAzu7QmGjjuDpymSSZHEKcP8tmUbQWWpQ0
exercise-videos,exercise-1772135875052.MP4,https://janlpetkbcgwndibxqha.supabase.co/storage/v1/object/sign/exercise-videos/exercise-1772135875052.MP4?token=eyJraWQiOiJzdG9yYWdlLXVybC1zaWduaW5nLWtleV8zZWRhM2IwYy02NTYwLTRiMTQtYmQxZi1mMzM0Njg1Yzk5OGQiLCJhbGciOiJIUzI1NiJ9.eyJ1cmwiOiJleGVyY2lzZS12aWRlb3MvZXhlcmNpc2UtMTc3MjEzNTg3NTA1Mi5NUDQiLCJpYXQiOjE3NzQ3NjAxNTUsImV4cCI6MTc3NTM2NDk1NX0.o2Iuc_T8OUk7KKqAgV3HhaSG8eDGGbeEU6D59__XE1M
exercise-videos,exercise-1772136004232.MP4,https://janlpetkbcgwndibxqha.supabase.co/storage/v1/object/sign/exercise-videos/exercise-1772136004232.MP4?token=eyJraWQiOiJzdG9yYWdlLXVybC1zaWduaW5nLWtleV8zZWRhM2IwYy02NTYwLTRiMTQtYmQxZi1mMzM0Njg1Yzk5OGQiLCJhbGciOiJIUzI1NiJ9.eyJ1cmwiOiJleGVyY2lzZS12aWRlb3MvZXhlcmNpc2UtMTc3MjEzNjAwNDIzMi5NUDQiLCJpYXQiOjE3NzQ3NjAxNTUsImV4cCI6MTc3NTM2NDk1NX0.1y9qZ-im1YWB_VT7Qkpn9X8L9xBXs1zr6Yuktc-uMYc
exercise-videos,exercise-1772136155421.MP4,https://janlpetkbcgwndibxqha.supabase.co/storage/v1/object/sign/exercise-videos/exercise-1772136155421.MP4?token=eyJraWQiOiJzdG9yYWdlLXVybC1zaWduaW5nLWtleV8zZWRhM2IwYy02NTYwLTRiMTQtYmQxZi1mMzM0Njg1Yzk5OGQiLCJhbGciOiJIUzI1NiJ9.eyJ1cmwiOiJleGVyY2lzZS12aWRlb3MvZXhlcmNpc2UtMTc3MjEzNjE1NTQyMS5NUDQiLCJpYXQiOjE3NzQ3NjAxNTYsImV4cCI6MTc3NTM2NDk1Nn0.ERVFCNTMEEvC5tk8aoxbCHIa-qwdVKh_7ZpMTlOphrg
exercise-videos,exercise-1772136212350.MP4,https://janlpetkbcgwndibxqha.supabase.co/storage/v1/object/sign/exercise-videos/exercise-1772136212350.MP4?token=eyJraWQiOiJzdG9yYWdlLXVybC1zaWduaW5nLWtleV8zZWRhM2IwYy02NTYwLTRiMTQtYmQxZi1mMzM0Njg1Yzk5OGQiLCJhbGciOiJIUzI1NiJ9.eyJ1cmwiOiJleGVyY2lzZS12aWRlb3MvZXhlcmNpc2UtMTc3MjEzNjIxMjM1MC5NUDQiLCJpYXQiOjE3NzQ3NjAxNTYsImV4cCI6MTc3NTM2NDk1Nn0.SiBkSIjgwcPtSm_tcfh0jMdgk8cOyGbm-wOcMrqOglU
exercise-videos,exercise-1772136305205.MP4,https://janlpetkbcgwndibxqha.supabase.co/storage/v1/object/sign/exercise-videos/exercise-1772136305205.MP4?token=eyJraWQiOiJzdG9yYWdlLXVybC1zaWduaW5nLWtleV8zZWRhM2IwYy02NTYwLTRiMTQtYmQxZi1mMzM0Njg1Yzk5OGQiLCJhbGciOiJIUzI1NiJ9.eyJ1cmwiOiJleGVyY2lzZS12aWRlb3MvZXhlcmNpc2UtMTc3MjEzNjMwNTIwNS5NUDQiLCJpYXQiOjE3NzQ3NjAxNTYsImV4cCI6MTc3NTM2NDk1Nn0.691KtNLZHONrthr1GjQiGY0tRmXVCnzHAV1mguDzRZ8
exercise-videos,exercise-1772136373748.MP4,https://janlpetkbcgwndibxqha.supabase.co/storage/v1/object/sign/exercise-videos/exercise-1772136373748.MP4?token=eyJraWQiOiJzdG9yYWdlLXVybC1zaWduaW5nLWtleV8zZWRhM2IwYy02NTYwLTRiMTQtYmQxZi1mMzM0Njg1Yzk5OGQiLCJhbGciOiJIUzI1NiJ9.eyJ1cmwiOiJleGVyY2lzZS12aWRlb3MvZXhlcmNpc2UtMTc3MjEzNjM3Mzc0OC5NUDQiLCJpYXQiOjE3NzQ3NjAxNTYsImV4cCI6MTc3NTM2NDk1Nn0._mfHJMJzoft0F0Ni1oqGhLryqMEm96Qieuy8cAKoDng
exercise-videos,exercise-1772136437512.MP4,https://janlpetkbcgwndibxqha.supabase.co/storage/v1/object/sign/exercise-videos/exercise-1772136437512.MP4?token=eyJraWQiOiJzdG9yYWdlLXVybC1zaWduaW5nLWtleV8zZWRhM2IwYy02NTYwLTRiMTQtYmQxZi1mMzM0Njg1Yzk5OGQiLCJhbGciOiJIUzI1NiJ9.eyJ1cmwiOiJleGVyY2lzZS12aWRlb3MvZXhlcmNpc2UtMTc3MjEzNjQzNzUxMi5NUDQiLCJpYXQiOjE3NzQ3NjAxNTYsImV4cCI6MTc3NTM2NDk1Nn0.kB120fa-phLzEBA2-uK-jzZ-qOMVPKFC7PQto5hL6Wc
exercise-videos,exercise-1772136487168.MP4,https://janlpetkbcgwndibxqha.supabase.co/storage/v1/object/sign/exercise-videos/exercise-1772136487168.MP4?token=eyJraWQiOiJzdG9yYWdlLXVybC1zaWduaW5nLWtleV8zZWRhM2IwYy02NTYwLTRiMTQtYmQxZi1mMzM0Njg1Yzk5OGQiLCJhbGciOiJIUzI1NiJ9.eyJ1cmwiOiJleGVyY2lzZS12aWRlb3MvZXhlcmNpc2UtMTc3MjEzNjQ4NzE2OC5NUDQiLCJpYXQiOjE3NzQ3NjAxNTYsImV4cCI6MTc3NTM2NDk1Nn0.1wnXPfYXExjzOmMmz7hXvBi7XAU-JpLbaSoYiufCspU
exercise-videos,exercise-1772136522594.MP4,https://janlpetkbcgwndibxqha.supabase.co/storage/v1/object/sign/exercise-videos/exercise-1772136522594.MP4?token=eyJraWQiOiJzdG9yYWdlLXVybC1zaWduaW5nLWtleV8zZWRhM2IwYy02NTYwLTRiMTQtYmQxZi1mMzM0Njg1Yzk5OGQiLCJhbGciOiJIUzI1NiJ9.eyJ1cmwiOiJleGVyY2lzZS12aWRlb3MvZXhlcmNpc2UtMTc3MjEzNjUyMjU5NC5NUDQiLCJpYXQiOjE3NzQ3NjAxNTYsImV4cCI6MTc3NTM2NDk1Nn0.ftSAo2H_5_amrOox0orTU1Fne4iTF0Cbs_MWBSy-8eE
exercise-videos,exercise-1772136612586.MP4,https://janlpetkbcgwndibxqha.supabase.co/storage/v1/object/sign/exercise-videos/exercise-1772136612586.MP4?token=eyJraWQiOiJzdG9yYWdlLXVybC1zaWduaW5nLWtleV8zZWRhM2IwYy02NTYwLTRiMTQtYmQxZi1mMzM0Njg1Yzk5OGQiLCJhbGciOiJIUzI1NiJ9.eyJ1cmwiOiJleGVyY2lzZS12aWRlb3MvZXhlcmNpc2UtMTc3MjEzNjYxMjU4Ni5NUDQiLCJpYXQiOjE3NzQ3NjAxNTcsImV4cCI6MTc3NTM2NDk1N30.Wwoaynojfrov8ujFTM8CnTLPeJ9OdOP0Rp0BHrcA_Rc
exercise-videos,exercise-1772136704094.MP4,https://janlpetkbcgwndibxqha.supabase.co/storage/v1/object/sign/exercise-videos/exercise-1772136704094.MP4?token=eyJraWQiOiJzdG9yYWdlLXVybC1zaWduaW5nLWtleV8zZWRhM2IwYy02NTYwLTRiMTQtYmQxZi1mMzM0Njg1Yzk5OGQiLCJhbGciOiJIUzI1NiJ9.eyJ1cmwiOiJleGVyY2lzZS12aWRlb3MvZXhlcmNpc2UtMTc3MjEzNjcwNDA5NC5NUDQiLCJpYXQiOjE3NzQ3NjAxNTcsImV4cCI6MTc3NTM2NDk1N30.BBthJ5PX5Vi9AUmI6chEFm3hJenEIH5lmpruV9BcBJk
exercise-videos,exercise-1772136746724.MP4,https://janlpetkbcgwndibxqha.supabase.co/storage/v1/object/sign/exercise-videos/exercise-1772136746724.MP4?token=eyJraWQiOiJzdG9yYWdlLXVybC1zaWduaW5nLWtleV8zZWRhM2IwYy02NTYwLTRiMTQtYmQxZi1mMzM0Njg1Yzk5OGQiLCJhbGciOiJIUzI1NiJ9.eyJ1cmwiOiJleGVyY2lzZS12aWRlb3MvZXhlcmNpc2UtMTc3MjEzNjc0NjcyNC5NUDQiLCJpYXQiOjE3NzQ3NjAxNTcsImV4cCI6MTc3NTM2NDk1N30.Ed4afd-vC3DLdJYTEFCNHm3MaOe3yf5JMVwARuKsoFQ
exercise-videos,exercise-1772136798648.MP4,https://janlpetkbcgwndibxqha.supabase.co/storage/v1/object/sign/exercise-videos/exercise-1772136798648.MP4?token=eyJraWQiOiJzdG9yYWdlLXVybC1zaWduaW5nLWtleV8zZWRhM2IwYy02NTYwLTRiMTQtYmQxZi1mMzM0Njg1Yzk5OGQiLCJhbGciOiJIUzI1NiJ9.eyJ1cmwiOiJleGVyY2lzZS12aWRlb3MvZXhlcmNpc2UtMTc3MjEzNjc5ODY0OC5NUDQiLCJpYXQiOjE3NzQ3NjAxNTcsImV4cCI6MTc3NTM2NDk1N30.oKKnAq4xfEsK2i-iy4ViohsDutFYvF-yIT0izY3Vwvo
exercise-videos,exercise-1772136879889.MP4,https://janlpetkbcgwndibxqha.supabase.co/storage/v1/object/sign/exercise-videos/exercise-1772136879889.MP4?token=eyJraWQiOiJzdG9yYWdlLXVybC1zaWduaW5nLWtleV8zZWRhM2IwYy02NTYwLTRiMTQtYmQxZi1mMzM0Njg1Yzk5OGQiLCJhbGciOiJIUzI1NiJ9.eyJ1cmwiOiJleGVyY2lzZS12aWRlb3MvZXhlcmNpc2UtMTc3MjEzNjg3OTg4OS5NUDQiLCJpYXQiOjE3NzQ3NjAxNTcsImV4cCI6MTc3NTM2NDk1N30.cVAn7WlbrG1sAYUYKuzJcfC_7gOQmEG6IufB6iXP_nM
exercise-videos,exercise-1772136963601.MP4,https://janlpetkbcgwndibxqha.supabase.co/storage/v1/object/sign/exercise-videos/exercise-1772136963601.MP4?token=eyJraWQiOiJzdG9yYWdlLXVybC1zaWduaW5nLWtleV8zZWRhM2IwYy02NTYwLTRiMTQtYmQxZi1mMzM0Njg1Yzk5OGQiLCJhbGciOiJIUzI1NiJ9.eyJ1cmwiOiJleGVyY2lzZS12aWRlb3MvZXhlcmNpc2UtMTc3MjEzNjk2MzYwMS5NUDQiLCJpYXQiOjE3NzQ3NjAxNTcsImV4cCI6MTc3NTM2NDk1N30.8caISXsdGPrr-9yitqnZ17gq_S337Z-lmBfSk-gkHmM
exercise-videos,exercise-1772137069560.MP4,https://janlpetkbcgwndibxqha.supabase.co/storage/v1/object/sign/exercise-videos/exercise-1772137069560.MP4?token=eyJraWQiOiJzdG9yYWdlLXVybC1zaWduaW5nLWtleV8zZWRhM2IwYy02NTYwLTRiMTQtYmQxZi1mMzM0Njg1Yzk5OGQiLCJhbGciOiJIUzI1NiJ9.eyJ1cmwiOiJleGVyY2lzZS12aWRlb3MvZXhlcmNpc2UtMTc3MjEzNzA2OTU2MC5NUDQiLCJpYXQiOjE3NzQ3NjAxNTcsImV4cCI6MTc3NTM2NDk1N30.JECK9gwiu9kJ7GFF6qGHceVdek4n7BSzQCrqaqkIW4E
exercise-videos,exercise-1772137114105.MP4,https://janlpetkbcgwndibxqha.supabase.co/storage/v1/object/sign/exercise-videos/exercise-1772137114105.MP4?token=eyJraWQiOiJzdG9yYWdlLXVybC1zaWduaW5nLWtleV8zZWRhM2IwYy02NTYwLTRiMTQtYmQxZi1mMzM0Njg1Yzk5OGQiLCJhbGciOiJIUzI1NiJ9.eyJ1cmwiOiJleGVyY2lzZS12aWRlb3MvZXhlcmNpc2UtMTc3MjEzNzExNDEwNS5NUDQiLCJpYXQiOjE3NzQ3NjAxNTcsImV4cCI6MTc3NTM2NDk1N30.wjJX3PzkVyCLa03yOA3LZZWyG7yVX58OhQodv864xhM
exercise-videos,exercise-1772137169867.MP4,https://janlpetkbcgwndibxqha.supabase.co/storage/v1/object/sign/exercise-videos/exercise-1772137169867.MP4?token=eyJraWQiOiJzdG9yYWdlLXVybC1zaWduaW5nLWtleV8zZWRhM2IwYy02NTYwLTRiMTQtYmQxZi1mMzM0Njg1Yzk5OGQiLCJhbGciOiJIUzI1NiJ9.eyJ1cmwiOiJleGVyY2lzZS12aWRlb3MvZXhlcmNpc2UtMTc3MjEzNzE2OTg2Ny5NUDQiLCJpYXQiOjE3NzQ3NjAxNTcsImV4cCI6MTc3NTM2NDk1N30.kre6vEmE5Lzd8VqjF8ZnvNRBjgIuG_DPgXuyB1CF8D8
exercise-videos,exercise-1772137233493.MP4,https://janlpetkbcgwndibxqha.supabase.co/storage/v1/object/sign/exercise-videos/exercise-1772137233493.MP4?token=eyJraWQiOiJzdG9yYWdlLXVybC1zaWduaW5nLWtleV8zZWRhM2IwYy02NTYwLTRiMTQtYmQxZi1mMzM0Njg1Yzk5OGQiLCJhbGciOiJIUzI1NiJ9.eyJ1cmwiOiJleGVyY2lzZS12aWRlb3MvZXhlcmNpc2UtMTc3MjEzNzIzMzQ5My5NUDQiLCJpYXQiOjE3NzQ3NjAxNTcsImV4cCI6MTc3NTM2NDk1N30.YRb-jW6Ba4YNcwHm-kbIDUkU9cETcVOfqIV-PFNRG28
exercise-videos,exercise-1772137455289.MP4,https://janlpetkbcgwndibxqha.supabase.co/storage/v1/object/sign/exercise-videos/exercise-1772137455289.MP4?token=eyJraWQiOiJzdG9yYWdlLXVybC1zaWduaW5nLWtleV8zZWRhM2IwYy02NTYwLTRiMTQtYmQxZi1mMzM0Njg1Yzk5OGQiLCJhbGciOiJIUzI1NiJ9.eyJ1cmwiOiJleGVyY2lzZS12aWRlb3MvZXhlcmNpc2UtMTc3MjEzNzQ1NTI4OS5NUDQiLCJpYXQiOjE3NzQ3NjAxNTgsImV4cCI6MTc3NTM2NDk1OH0.coJERauQA2cZovALEGTtisHo3-4Nhu5vJRaFpk-9bmU
exercise-videos,exercise-1772137515185.MP4,https://janlpetkbcgwndibxqha.supabase.co/storage/v1/object/sign/exercise-videos/exercise-1772137515185.MP4?token=eyJraWQiOiJzdG9yYWdlLXVybC1zaWduaW5nLWtleV8zZWRhM2IwYy02NTYwLTRiMTQtYmQxZi1mMzM0Njg1Yzk5OGQiLCJhbGciOiJIUzI1NiJ9.eyJ1cmwiOiJleGVyY2lzZS12aWRlb3MvZXhlcmNpc2UtMTc3MjEzNzUxNTE4NS5NUDQiLCJpYXQiOjE3NzQ3NjAxNTgsImV4cCI6MTc3NTM2NDk1OH0.UGYcSG7lV6cRUVAlWvIroYnu6ZM8fP71j3-abimS7Q8
exercise-videos,exercise-1772137559851.MP4,https://janlpetkbcgwndibxqha.supabase.co/storage/v1/object/sign/exercise-videos/exercise-1772137559851.MP4?token=eyJraWQiOiJzdG9yYWdlLXVybC1zaWduaW5nLWtleV8zZWRhM2IwYy02NTYwLTRiMTQtYmQxZi1mMzM0Njg1Yzk5OGQiLCJhbGciOiJIUzI1NiJ9.eyJ1cmwiOiJleGVyY2lzZS12aWRlb3MvZXhlcmNpc2UtMTc3MjEzNzU1OTg1MS5NUDQiLCJpYXQiOjE3NzQ3NjAxNTgsImV4cCI6MTc3NTM2NDk1OH0.rSCzg6HZch8AXqMqKCyye8lD-gwWhH2hoN8T_di4-rE
exercise-videos,exercise-1772137615384.MP4,https://janlpetkbcgwndibxqha.supabase.co/storage/v1/object/sign/exercise-videos/exercise-1772137615384.MP4?token=eyJraWQiOiJzdG9yYWdlLXVybC1zaWduaW5nLWtleV8zZWRhM2IwYy02NTYwLTRiMTQtYmQxZi1mMzM0Njg1Yzk5OGQiLCJhbGciOiJIUzI1NiJ9.eyJ1cmwiOiJleGVyY2lzZS12aWRlb3MvZXhlcmNpc2UtMTc3MjEzNzYxNTM4NC5NUDQiLCJpYXQiOjE3NzQ3NjAxNTgsImV4cCI6MTc3NTM2NDk1OH0.Oft7iD9FoS0Op2f6aGxVoU-7-aILjMiZSt6Ego5OnRA
exercise-videos,exercise-1772137672822.MP4,https://janlpetkbcgwndibxqha.supabase.co/storage/v1/object/sign/exercise-videos/exercise-1772137672822.MP4?token=eyJraWQiOiJzdG9yYWdlLXVybC1zaWduaW5nLWtleV8zZWRhM2IwYy02NTYwLTRiMTQtYmQxZi1mMzM0Njg1Yzk5OGQiLCJhbGciOiJIUzI1NiJ9.eyJ1cmwiOiJleGVyY2lzZS12aWRlb3MvZXhlcmNpc2UtMTc3MjEzNzY3MjgyMi5NUDQiLCJpYXQiOjE3NzQ3NjAxNTgsImV4cCI6MTc3NTM2NDk1OH0.b_J2CcucqBH7s1aPFwKV5cejipbZIBxhNWPc5Kf1gkA
exercise-videos,exercise-1772137738522.MP4,https://janlpetkbcgwndibxqha.supabase.co/storage/v1/object/sign/exercise-videos/exercise-1772137738522.MP4?token=eyJraWQiOiJzdG9yYWdlLXVybC1zaWduaW5nLWtleV8zZWRhM2IwYy02NTYwLTRiMTQtYmQxZi1mMzM0Njg1Yzk5OGQiLCJhbGciOiJIUzI1NiJ9.eyJ1cmwiOiJleGVyY2lzZS12aWRlb3MvZXhlcmNpc2UtMTc3MjEzNzczODUyMi5NUDQiLCJpYXQiOjE3NzQ3NjAxNTgsImV4cCI6MTc3NTM2NDk1OH0.S6WsWAdd-K_13thd0IYFxwu3DdLCSyiwhGPFeQ_TFEg
exercise-videos,exercise-1772137778971.MP4,https://janlpetkbcgwndibxqha.supabase.co/storage/v1/object/sign/exercise-videos/exercise-1772137778971.MP4?token=eyJraWQiOiJzdG9yYWdlLXVybC1zaWduaW5nLWtleV8zZWRhM2IwYy02NTYwLTRiMTQtYmQxZi1mMzM0Njg1Yzk5OGQiLCJhbGciOiJIUzI1NiJ9.eyJ1cmwiOiJleGVyY2lzZS12aWRlb3MvZXhlcmNpc2UtMTc3MjEzNzc3ODk3MS5NUDQiLCJpYXQiOjE3NzQ3NjAxNTgsImV4cCI6MTc3NTM2NDk1OH0.EagsonIYCBsUlHZoEybVrB-7P5ZafQlNHYajfhmJIYw
exercise-videos,exercise-1772137859534.MP4,https://janlpetkbcgwndibxqha.supabase.co/storage/v1/object/sign/exercise-videos/exercise-1772137859534.MP4?token=eyJraWQiOiJzdG9yYWdlLXVybC1zaWduaW5nLWtleV8zZWRhM2IwYy02NTYwLTRiMTQtYmQxZi1mMzM0Njg1Yzk5OGQiLCJhbGciOiJIUzI1NiJ9.eyJ1cmwiOiJleGVyY2lzZS12aWRlb3MvZXhlcmNpc2UtMTc3MjEzNzg1OTUzNC5NUDQiLCJpYXQiOjE3NzQ3NjAxNTgsImV4cCI6MTc3NTM2NDk1OH0.P-ryy35g1rgMyus0kAHQPekdE8S8w0Ca75_pv2lBjmc
exercise-videos,exercise-1772137910539.MP4,https://janlpetkbcgwndibxqha.supabase.co/storage/v1/object/sign/exercise-videos/exercise-1772137910539.MP4?token=eyJraWQiOiJzdG9yYWdlLXVybC1zaWduaW5nLWtleV8zZWRhM2IwYy02NTYwLTRiMTQtYmQxZi1mMzM0Njg1Yzk5OGQiLCJhbGciOiJIUzI1NiJ9.eyJ1cmwiOiJleGVyY2lzZS12aWRlb3MvZXhlcmNpc2UtMTc3MjEzNzkxMDUzOS5NUDQiLCJpYXQiOjE3NzQ3NjAxNTgsImV4cCI6MTc3NTM2NDk1OH0.ATVoo-U8JuYy8m-IqOf_fpgY9jhwupHr8USdnXC7hAo
exercise-videos,exercise-1772137973866.MP4,https://janlpetkbcgwndibxqha.supabase.co/storage/v1/object/sign/exercise-videos/exercise-1772137973866.MP4?token=eyJraWQiOiJzdG9yYWdlLXVybC1zaWduaW5nLWtleV8zZWRhM2IwYy02NTYwLTRiMTQtYmQxZi1mMzM0Njg1Yzk5OGQiLCJhbGciOiJIUzI1NiJ9.eyJ1cmwiOiJleGVyY2lzZS12aWRlb3MvZXhlcmNpc2UtMTc3MjEzNzk3Mzg2Ni5NUDQiLCJpYXQiOjE3NzQ3NjAxNTgsImV4cCI6MTc3NTM2NDk1OH0.gtRMzIGKtjidG2NFNxsSWqnjS56J6CS8QY-n6BALMjU
exercise-videos,exercise-1772138047480.MP4,https://janlpetkbcgwndibxqha.supabase.co/storage/v1/object/sign/exercise-videos/exercise-1772138047480.MP4?token=eyJraWQiOiJzdG9yYWdlLXVybC1zaWduaW5nLWtleV8zZWRhM2IwYy02NTYwLTRiMTQtYmQxZi1mMzM0Njg1Yzk5OGQiLCJhbGciOiJIUzI1NiJ9.eyJ1cmwiOiJleGVyY2lzZS12aWRlb3MvZXhlcmNpc2UtMTc3MjEzODA0NzQ4MC5NUDQiLCJpYXQiOjE3NzQ3NjAxNTksImV4cCI6MTc3NTM2NDk1OX0.xh7AcriSLTHHquhGppaRybB9rh1JC_u52pTSMdMioyo
exercise-videos,exercise-1772138129812.MP4,https://janlpetkbcgwndibxqha.supabase.co/storage/v1/object/sign/exercise-videos/exercise-1772138129812.MP4?token=eyJraWQiOiJzdG9yYWdlLXVybC1zaWduaW5nLWtleV8zZWRhM2IwYy02NTYwLTRiMTQtYmQxZi1mMzM0Njg1Yzk5OGQiLCJhbGciOiJIUzI1NiJ9.eyJ1cmwiOiJleGVyY2lzZS12aWRlb3MvZXhlcmNpc2UtMTc3MjEzODEyOTgxMi5NUDQiLCJpYXQiOjE3NzQ3NjAxNTksImV4cCI6MTc3NTM2NDk1OX0.uHzFZ_XMRZ0p15FKhPhJqUcqa6JVQBdXF9acER-yUVs
exercise-videos,exercise-1772138173539.MP4,https://janlpetkbcgwndibxqha.supabase.co/storage/v1/object/sign/exercise-videos/exercise-1772138173539.MP4?token=eyJraWQiOiJzdG9yYWdlLXVybC1zaWduaW5nLWtleV8zZWRhM2IwYy02NTYwLTRiMTQtYmQxZi1mMzM0Njg1Yzk5OGQiLCJhbGciOiJIUzI1NiJ9.eyJ1cmwiOiJleGVyY2lzZS12aWRlb3MvZXhlcmNpc2UtMTc3MjEzODE3MzUzOS5NUDQiLCJpYXQiOjE3NzQ3NjAxNTksImV4cCI6MTc3NTM2NDk1OX0.7DsY2-VF0J9NImZQWFlSmJrUcdDmQoBI8sZonjZoGEI
meal-images,05417941-3feb-4316-ae4c-dc267fb53d50.png,https://janlpetkbcgwndibxqha.supabase.co/storage/v1/object/sign/meal-images/05417941-3feb-4316-ae4c-dc267fb53d50.png?token=eyJraWQiOiJzdG9yYWdlLXVybC1zaWduaW5nLWtleV8zZWRhM2IwYy02NTYwLTRiMTQtYmQxZi1mMzM0Njg1Yzk5OGQiLCJhbGciOiJIUzI1NiJ9.eyJ1cmwiOiJtZWFsLWltYWdlcy8wNTQxNzk0MS0zZmViLTQzMTYtYWU0Yy1kYzI2N2ZiNTNkNTAucG5nIiwiaWF0IjoxNzc0NzYwMTU5LCJleHAiOjE3NzUzNjQ5NTl9.qIL8oSmdGJVTra2bcQ-gWiRY43RsMmTXmaJwm8B40dw
meal-images,0de1e2cd-729a-4b34-af46-2d0251e93612.png,https://janlpetkbcgwndibxqha.supabase.co/storage/v1/object/sign/meal-images/0de1e2cd-729a-4b34-af46-2d0251e93612.png?token=eyJraWQiOiJzdG9yYWdlLXVybC1zaWduaW5nLWtleV8zZWRhM2IwYy02NTYwLTRiMTQtYmQxZi1mMzM0Njg1Yzk5OGQiLCJhbGciOiJIUzI1NiJ9.eyJ1cmwiOiJtZWFsLWltYWdlcy8wZGUxZTJjZC03MjlhLTRiMzQtYWY0Ni0yZDAyNTFlOTM2MTIucG5nIiwiaWF0IjoxNzc0NzYwMTU5LCJleHAiOjE3NzUzNjQ5NTl9.BD10nLPwOgjKUy_vwgWoyPvFatMCUDOg1s9U7B2soqM
meal-images,1a9d60e8-d20e-457d-bdb3-0b185ac8ad66.png,https://janlpetkbcgwndibxqha.supabase.co/storage/v1/object/sign/meal-images/1a9d60e8-d20e-457d-bdb3-0b185ac8ad66.png?token=eyJraWQiOiJzdG9yYWdlLXVybC1zaWduaW5nLWtleV8zZWRhM2IwYy02NTYwLTRiMTQtYmQxZi1mMzM0Njg1Yzk5OGQiLCJhbGciOiJIUzI1NiJ9.eyJ1cmwiOiJtZWFsLWltYWdlcy8xYTlkNjBlOC1kMjBlLTQ1N2QtYmRiMy0wYjE4NWFjOGFkNjYucG5nIiwiaWF0IjoxNzc0NzYwMTU5LCJleHAiOjE3NzUzNjQ5NTl9.zX-BHooHRqKPul9Vfw07N0g3AziWgbYwKDcLlmRggOE
meal-images,1bf8de69-6783-4d63-966b-862b96c70fb9.png,https://janlpetkbcgwndibxqha.supabase.co/storage/v1/object/sign/meal-images/1bf8de69-6783-4d63-966b-862b96c70fb9.png?token=eyJraWQiOiJzdG9yYWdlLXVybC1zaWduaW5nLWtleV8zZWRhM2IwYy02NTYwLTRiMTQtYmQxZi1mMzM0Njg1Yzk5OGQiLCJhbGciOiJIUzI1NiJ9.eyJ1cmwiOiJtZWFsLWltYWdlcy8xYmY4ZGU2OS02NzgzLTRkNjMtOTY2Yi04NjJiOTZjNzBmYjkucG5nIiwiaWF0IjoxNzc0NzYwMTU5LCJleHAiOjE3NzUzNjQ5NTl9.ZGJbhaobnawfhSJxLNCPPq5WRGmq15kFS-ExttH7Cjs
meal-images,2ce95d62-a268-4fdd-ad15-c52de672b8e9.png,https://janlpetkbcgwndibxqha.supabase.co/storage/v1/object/sign/meal-images/2ce95d62-a268-4fdd-ad15-c52de672b8e9.png?token=eyJraWQiOiJzdG9yYWdlLXVybC1zaWduaW5nLWtleV8zZWRhM2IwYy02NTYwLTRiMTQtYmQxZi1mMzM0Njg1Yzk5OGQiLCJhbGciOiJIUzI1NiJ9.eyJ1cmwiOiJtZWFsLWltYWdlcy8yY2U5NWQ2Mi1hMjY4LTRmZGQtYWQxNS1jNTJkZTY3MmI4ZTkucG5nIiwiaWF0IjoxNzc0NzYwMTYwLCJleHAiOjE3NzUzNjQ5NjB9.B33_aojrabNbc_4VqPOSvQcvo6JiVJrB3v-ZKis3k_c
meal-images,2ecd5efa-5edf-4909-8784-9f1cf0bac5e7.png,https://janlpetkbcgwndibxqha.supabase.co/storage/v1/object/sign/meal-images/2ecd5efa-5edf-4909-8784-9f1cf0bac5e7.png?token=eyJraWQiOiJzdG9yYWdlLXVybC1zaWduaW5nLWtleV8zZWRhM2IwYy02NTYwLTRiMTQtYmQxZi1mMzM0Njg1Yzk5OGQiLCJhbGciOiJIUzI1NiJ9.eyJ1cmwiOiJtZWFsLWltYWdlcy8yZWNkNWVmYS01ZWRmLTQ5MDktODc4NC05ZjFjZjBiYWM1ZTcucG5nIiwiaWF0IjoxNzc0NzYwMTYwLCJleHAiOjE3NzUzNjQ5NjB9.ctceqYt_b5FYlEZtM8M0Z4eC-TTCN8giAfRoTxYnxVo
meal-images,317087c3-fc4a-46e6-af1f-3626b108957b.png,https://janlpetkbcgwndibxqha.supabase.co/storage/v1/object/sign/meal-images/317087c3-fc4a-46e6-af1f-3626b108957b.png?token=eyJraWQiOiJzdG9yYWdlLXVybC1zaWduaW5nLWtleV8zZWRhM2IwYy02NTYwLTRiMTQtYmQxZi1mMzM0Njg1Yzk5OGQiLCJhbGciOiJIUzI1NiJ9.eyJ1cmwiOiJtZWFsLWltYWdlcy8zMTcwODdjMy1mYzRhLTQ2ZTYtYWYxZi0zNjI2YjEwODk1N2IucG5nIiwiaWF0IjoxNzc0NzYwMTYwLCJleHAiOjE3NzUzNjQ5NjB9.xA_rDg_roT87McXdIRsu0iJURO0_kNN599zh7fbSr6A
meal-images,31bd3248-8c92-4b94-83b7-7747a687bdc7.png,https://janlpetkbcgwndibxqha.supabase.co/storage/v1/object/sign/meal-images/31bd3248-8c92-4b94-83b7-7747a687bdc7.png?token=eyJraWQiOiJzdG9yYWdlLXVybC1zaWduaW5nLWtleV8zZWRhM2IwYy02NTYwLTRiMTQtYmQxZi1mMzM0Njg1Yzk5OGQiLCJhbGciOiJIUzI1NiJ9.eyJ1cmwiOiJtZWFsLWltYWdlcy8zMWJkMzI0OC04YzkyLTRiOTQtODNiNy03NzQ3YTY4N2JkYzcucG5nIiwiaWF0IjoxNzc0NzYwMTYwLCJleHAiOjE3NzUzNjQ5NjB9.MXGekaWaBl2adyLJTop27qeB4dFiseSnTWz3AWNLZyw
meal-images,31bff7ea-9bcb-45b5-9331-18e464851553.png,https://janlpetkbcgwndibxqha.supabase.co/storage/v1/object/sign/meal-images/31bff7ea-9bcb-45b5-9331-18e464851553.png?token=eyJraWQiOiJzdG9yYWdlLXVybC1zaWduaW5nLWtleV8zZWRhM2IwYy02NTYwLTRiMTQtYmQxZi1mMzM0Njg1Yzk5OGQiLCJhbGciOiJIUzI1NiJ9.eyJ1cmwiOiJtZWFsLWltYWdlcy8zMWJmZjdlYS05YmNiLTQ1YjUtOTMzMS0xOGU0NjQ4NTE1NTMucG5nIiwiaWF0IjoxNzc0NzYwMTYwLCJleHAiOjE3NzUzNjQ5NjB9.Tm8onVu-gXfBBzZasDTuCaoal1n4g4CZAfTXWAZkLFA
meal-images,337c8e67-5e76-4441-a379-1143dac84e72.png,https://janlpetkbcgwndibxqha.supabase.co/storage/v1/object/sign/meal-images/337c8e67-5e76-4441-a379-1143dac84e72.png?token=eyJraWQiOiJzdG9yYWdlLXVybC1zaWduaW5nLWtleV8zZWRhM2IwYy02NTYwLTRiMTQtYmQxZi1mMzM0Njg1Yzk5OGQiLCJhbGciOiJIUzI1NiJ9.eyJ1cmwiOiJtZWFsLWltYWdlcy8zMzdjOGU2Ny01ZTc2LTQ0NDEtYTM3OS0xMTQzZGFjODRlNzIucG5nIiwiaWF0IjoxNzc0NzYwMTYwLCJleHAiOjE3NzUzNjQ5NjB9.dEGcc2u-4xAoUkhfv3E2t_cS5Udkl1UL3tvyKCWXYLg
meal-images,3421c50f-02d4-4596-984e-42d91d6c7337.png,https://janlpetkbcgwndibxqha.supabase.co/storage/v1/object/sign/meal-images/3421c50f-02d4-4596-984e-42d91d6c7337.png?token=eyJraWQiOiJzdG9yYWdlLXVybC1zaWduaW5nLWtleV8zZWRhM2IwYy02NTYwLTRiMTQtYmQxZi1mMzM0Njg1Yzk5OGQiLCJhbGciOiJIUzI1NiJ9.eyJ1cmwiOiJtZWFsLWltYWdlcy8zNDIxYzUwZi0wMmQ0LTQ1OTYtOTg0ZS00MmQ5MWQ2YzczMzcucG5nIiwiaWF0IjoxNzc0NzYwMTYxLCJleHAiOjE3NzUzNjQ5NjF9.NIjsFM9gZOLjCW38AcEnIVmZO7MGKaEqRdwsWAm7yHc
meal-images,3732524e-add6-4d4a-9e4b-bad60e7af6ef.png,https://janlpetkbcgwndibxqha.supabase.co/storage/v1/object/sign/meal-images/3732524e-add6-4d4a-9e4b-bad60e7af6ef.png?token=eyJraWQiOiJzdG9yYWdlLXVybC1zaWduaW5nLWtleV8zZWRhM2IwYy02NTYwLTRiMTQtYmQxZi1mMzM0Njg1Yzk5OGQiLCJhbGciOiJIUzI1NiJ9.eyJ1cmwiOiJtZWFsLWltYWdlcy8zNzMyNTI0ZS1hZGQ2LTRkNGEtOWU0Yi1iYWQ2MGU3YWY2ZWYucG5nIiwiaWF0IjoxNzc0NzYwMTYxLCJleHAiOjE3NzUzNjQ5NjF9.SSuHWpAvWjf9V6vfZSjQaVeQVT_JR39bFOCm80WMPJ4
meal-images,381e8b99-1228-402c-82f4-8186b6adc9d7.png,https://janlpetkbcgwndibxqha.supabase.co/storage/v1/object/sign/meal-images/381e8b99-1228-402c-82f4-8186b6adc9d7.png?token=eyJraWQiOiJzdG9yYWdlLXVybC1zaWduaW5nLWtleV8zZWRhM2IwYy02NTYwLTRiMTQtYmQxZi1mMzM0Njg1Yzk5OGQiLCJhbGciOiJIUzI1NiJ9.eyJ1cmwiOiJtZWFsLWltYWdlcy8zODFlOGI5OS0xMjI4LTQwMmMtODJmNC04MTg2YjZhZGM5ZDcucG5nIiwiaWF0IjoxNzc0NzYwMTYxLCJleHAiOjE3NzUzNjQ5NjF9.s5PFX77ErKxheoAEaUJCfSr9PwnSnyZ8SltfCiYuQro
meal-images,41babbc1-b139-49b9-9a89-aa702053076e.png,https://janlpetkbcgwndibxqha.supabase.co/storage/v1/object/sign/meal-images/41babbc1-b139-49b9-9a89-aa702053076e.png?token=eyJraWQiOiJzdG9yYWdlLXVybC1zaWduaW5nLWtleV8zZWRhM2IwYy02NTYwLTRiMTQtYmQxZi1mMzM0Njg1Yzk5OGQiLCJhbGciOiJIUzI1NiJ9.eyJ1cmwiOiJtZWFsLWltYWdlcy80MWJhYmJjMS1iMTM5LTQ5YjktOWE4OS1hYTcwMjA1MzA3NmUucG5nIiwiaWF0IjoxNzc0NzYwMTYxLCJleHAiOjE3NzUzNjQ5NjF9.ZyUT3ZpJ21WxquEFxYlacZIPWPXxG0IQviu1aLaqRrA
meal-images,47b05ebf-28a9-4f33-912c-416e8d81dfcd.png,https://janlpetkbcgwndibxqha.supabase.co/storage/v1/object/sign/meal-images/47b05ebf-28a9-4f33-912c-416e8d81dfcd.png?token=eyJraWQiOiJzdG9yYWdlLXVybC1zaWduaW5nLWtleV8zZWRhM2IwYy02NTYwLTRiMTQtYmQxZi1mMzM0Njg1Yzk5OGQiLCJhbGciOiJIUzI1NiJ9.eyJ1cmwiOiJtZWFsLWltYWdlcy80N2IwNWViZi0yOGE5LTRmMzMtOTEyYy00MTZlOGQ4MWRmY2QucG5nIiwiaWF0IjoxNzc0NzYwMTYxLCJleHAiOjE3NzUzNjQ5NjF9.XoiHxGpnNo7EvAYOFWaYSdcXXXH5XPIZDqCkv73XXZM
meal-images,4f3562f1-44fa-414c-bde9-c79353417735.png,https://janlpetkbcgwndibxqha.supabase.co/storage/v1/object/sign/meal-images/4f3562f1-44fa-414c-bde9-c79353417735.png?token=eyJraWQiOiJzdG9yYWdlLXVybC1zaWduaW5nLWtleV8zZWRhM2IwYy02NTYwLTRiMTQtYmQxZi1mMzM0Njg1Yzk5OGQiLCJhbGciOiJIUzI1NiJ9.eyJ1cmwiOiJtZWFsLWltYWdlcy80ZjM1NjJmMS00NGZhLTQxNGMtYmRlOS1jNzkzNTM0MTc3MzUucG5nIiwiaWF0IjoxNzc0NzYwMTYxLCJleHAiOjE3NzUzNjQ5NjF9.cLS_ifym0KO4AZtvsH1fseUV1o5BTNDaWS789HHLny8
meal-images,569a5215-f3d1-4280-90cc-a886569aeb37.png,https://janlpetkbcgwndibxqha.supabase.co/storage/v1/object/sign/meal-images/569a5215-f3d1-4280-90cc-a886569aeb37.png?token=eyJraWQiOiJzdG9yYWdlLXVybC1zaWduaW5nLWtleV8zZWRhM2IwYy02NTYwLTRiMTQtYmQxZi1mMzM0Njg1Yzk5OGQiLCJhbGciOiJIUzI1NiJ9.eyJ1cmwiOiJtZWFsLWltYWdlcy81NjlhNTIxNS1mM2QxLTQyODAtOTBjYy1hODg2NTY5YWViMzcucG5nIiwiaWF0IjoxNzc0NzYwMTYxLCJleHAiOjE3NzUzNjQ5NjF9.W5blSQJi1yfGx2JTa86qf5Qu14bS-cA1ftjP6jLIStc
meal-images,56cb8d4f-3377-4b7c-8c0e-212788658e6f.png,https://janlpetkbcgwndibxqha.supabase.co/storage/v1/object/sign/meal-images/56cb8d4f-3377-4b7c-8c0e-212788658e6f.png?token=eyJraWQiOiJzdG9yYWdlLXVybC1zaWduaW5nLWtleV8zZWRhM2IwYy02NTYwLTRiMTQtYmQxZi1mMzM0Njg1Yzk5OGQiLCJhbGciOiJIUzI1NiJ9.eyJ1cmwiOiJtZWFsLWltYWdlcy81NmNiOGQ0Zi0zMzc3LTRiN2MtOGMwZS0yMTI3ODg2NThlNmYucG5nIiwiaWF0IjoxNzc0NzYwMTYxLCJleHAiOjE3NzUzNjQ5NjF9.QG8V71U9ZjTRD3U1p7wxhZKr1-9wFOaWR5JpdPDoAeg
meal-images,57789211-2dec-4a72-9354-cdc350b0b320.png,https://janlpetkbcgwndibxqha.supabase.co/storage/v1/object/sign/meal-images/57789211-2dec-4a72-9354-cdc350b0b320.png?token=eyJraWQiOiJzdG9yYWdlLXVybC1zaWduaW5nLWtleV8zZWRhM2IwYy02NTYwLTRiMTQtYmQxZi1mMzM0Njg1Yzk5OGQiLCJhbGciOiJIUzI1NiJ9.eyJ1cmwiOiJtZWFsLWltYWdlcy81Nzc4OTIxMS0yZGVjLTRhNzItOTM1NC1jZGMzNTBiMGIzMjAucG5nIiwiaWF0IjoxNzc0NzYwMTYxLCJleHAiOjE3NzUzNjQ5NjF9.PCMrP6xh1XHbGORUbiHPcGLraPbhVU8Gln4lDXi94BA
meal-images,5c3ae0c2-42ad-4d5e-b562-659fac07512f.png,https://janlpetkbcgwndibxqha.supabase.co/storage/v1/object/sign/meal-images/5c3ae0c2-42ad-4d5e-b562-659fac07512f.png?token=eyJraWQiOiJzdG9yYWdlLXVybC1zaWduaW5nLWtleV8zZWRhM2IwYy02NTYwLTRiMTQtYmQxZi1mMzM0Njg1Yzk5OGQiLCJhbGciOiJIUzI1NiJ9.eyJ1cmwiOiJtZWFsLWltYWdlcy81YzNhZTBjMi00MmFkLTRkNWUtYjU2Mi02NTlmYWMwNzUxMmYucG5nIiwiaWF0IjoxNzc0NzYwMTYyLCJleHAiOjE3NzUzNjQ5NjJ9.5JqkwR1fsZFyjBn5HerfqbQWoDWvGOjg4_6g3HD5iiM
meal-images,5d7fd35e-af4a-4e37-880f-98e11973b90e.png,https://janlpetkbcgwndibxqha.supabase.co/storage/v1/object/sign/meal-images/5d7fd35e-af4a-4e37-880f-98e11973b90e.png?token=eyJraWQiOiJzdG9yYWdlLXVybC1zaWduaW5nLWtleV8zZWRhM2IwYy02NTYwLTRiMTQtYmQxZi1mMzM0Njg1Yzk5OGQiLCJhbGciOiJIUzI1NiJ9.eyJ1cmwiOiJtZWFsLWltYWdlcy81ZDdmZDM1ZS1hZjRhLTRlMzctODgwZi05OGUxMTk3M2I5MGUucG5nIiwiaWF0IjoxNzc0NzYwMTYyLCJleHAiOjE3NzUzNjQ5NjJ9.gnKtfpWq4jgaNFltomUOk_lFh5yx6FudYr08aUp3Y2c
meal-images,5f208453-1b43-41ca-86bd-f7a756e284d5.png,https://janlpetkbcgwndibxqha.supabase.co/storage/v1/object/sign/meal-images/5f208453-1b43-41ca-86bd-f7a756e284d5.png?token=eyJraWQiOiJzdG9yYWdlLXVybC1zaWduaW5nLWtleV8zZWRhM2IwYy02NTYwLTRiMTQtYmQxZi1mMzM0Njg1Yzk5OGQiLCJhbGciOiJIUzI1NiJ9.eyJ1cmwiOiJtZWFsLWltYWdlcy81ZjIwODQ1My0xYjQzLTQxY2EtODZiZC1mN2E3NTZlMjg0ZDUucG5nIiwiaWF0IjoxNzc0NzYwMTYyLCJleHAiOjE3NzUzNjQ5NjJ9.3jghgPLnJyhT6mJJ3iFbuUGiqfeGdb4tqUKyYkh9kH4
meal-images,68a4a9ff-8a2e-4ba6-abbc-aa540e632ce6.png,https://janlpetkbcgwndibxqha.supabase.co/storage/v1/object/sign/meal-images/68a4a9ff-8a2e-4ba6-abbc-aa540e632ce6.png?token=eyJraWQiOiJzdG9yYWdlLXVybC1zaWduaW5nLWtleV8zZWRhM2IwYy02NTYwLTRiMTQtYmQxZi1mMzM0Njg1Yzk5OGQiLCJhbGciOiJIUzI1NiJ9.eyJ1cmwiOiJtZWFsLWltYWdlcy82OGE0YTlmZi04YTJlLTRiYTYtYWJiYy1hYTU0MGU2MzJjZTYucG5nIiwiaWF0IjoxNzc0NzYwMTYyLCJleHAiOjE3NzUzNjQ5NjJ9.HPw0jkZ_cxRpAygvJRu5HUNjdEfW5NS8v6O0rUWYfC8
meal-images,6dd05856-dad6-4ce8-8954-a8ebde6cd03d.png,https://janlpetkbcgwndibxqha.supabase.co/storage/v1/object/sign/meal-images/6dd05856-dad6-4ce8-8954-a8ebde6cd03d.png?token=eyJraWQiOiJzdG9yYWdlLXVybC1zaWduaW5nLWtleV8zZWRhM2IwYy02NTYwLTRiMTQtYmQxZi1mMzM0Njg1Yzk5OGQiLCJhbGciOiJIUzI1NiJ9.eyJ1cmwiOiJtZWFsLWltYWdlcy82ZGQwNTg1Ni1kYWQ2LTRjZTgtODk1NC1hOGViZGU2Y2QwM2QucG5nIiwiaWF0IjoxNzc0NzYwMTYyLCJleHAiOjE3NzUzNjQ5NjJ9.JBuDT8W1pPirTk4UMV7uNIa9yF8Cyhws0qCk9OddnRY
meal-images,6e55e4ac-e335-4070-8ce3-19ed9611f22e.png,https://janlpetkbcgwndibxqha.supabase.co/storage/v1/object/sign/meal-images/6e55e4ac-e335-4070-8ce3-19ed9611f22e.png?token=eyJraWQiOiJzdG9yYWdlLXVybC1zaWduaW5nLWtleV8zZWRhM2IwYy02NTYwLTRiMTQtYmQxZi1mMzM0Njg1Yzk5OGQiLCJhbGciOiJIUzI1NiJ9.eyJ1cmwiOiJtZWFsLWltYWdlcy82ZTU1ZTRhYy1lMzM1LTQwNzAtOGNlMy0xOWVkOTYxMWYyMmUucG5nIiwiaWF0IjoxNzc0NzYwMTYyLCJleHAiOjE3NzUzNjQ5NjJ9.46cWsoEedTq5X0oYUu6z2x5qlTEkCERq7VHhk9530qo
meal-images,7086aeae-940e-4441-8a4c-1e893f80412d.png,https://janlpetkbcgwndibxqha.supabase.co/storage/v1/object/sign/meal-images/7086aeae-940e-4441-8a4c-1e893f80412d.png?token=eyJraWQiOiJzdG9yYWdlLXVybC1zaWduaW5nLWtleV8zZWRhM2IwYy02NTYwLTRiMTQtYmQxZi1mMzM0Njg1Yzk5OGQiLCJhbGciOiJIUzI1NiJ9.eyJ1cmwiOiJtZWFsLWltYWdlcy83MDg2YWVhZS05NDBlLTQ0NDEtOGE0Yy0xZTg5M2Y4MDQxMmQucG5nIiwiaWF0IjoxNzc0NzYwMTYyLCJleHAiOjE3NzUzNjQ5NjJ9.H1iXOoM0YD6P4cYR2XYn6MQ0P1AbIIiZp6j-J8-kprs
meal-images,730d0e3c-7bb9-4a61-8f87-f0c595f18a1d.png,https://janlpetkbcgwndibxqha.supabase.co/storage/v1/object/sign/meal-images/730d0e3c-7bb9-4a61-8f87-f0c595f18a1d.png?token=eyJraWQiOiJzdG9yYWdlLXVybC1zaWduaW5nLWtleV8zZWRhM2IwYy02NTYwLTRiMTQtYmQxZi1mMzM0Njg1Yzk5OGQiLCJhbGciOiJIUzI1NiJ9.eyJ1cmwiOiJtZWFsLWltYWdlcy83MzBkMGUzYy03YmI5LTRhNjEtOGY4Ny1mMGM1OTVmMThhMWQucG5nIiwiaWF0IjoxNzc0NzYwMTYyLCJleHAiOjE3NzUzNjQ5NjJ9.tarI0qLG26ImRKn-RR8-qW_oS6zTLMyGTHFmuDJWvGI
meal-images,751282a5-e10a-4617-a01f-8a221d5ca6d3.png,https://janlpetkbcgwndibxqha.supabase.co/storage/v1/object/sign/meal-images/751282a5-e10a-4617-a01f-8a221d5ca6d3.png?token=eyJraWQiOiJzdG9yYWdlLXVybC1zaWduaW5nLWtleV8zZWRhM2IwYy02NTYwLTRiMTQtYmQxZi1mMzM0Njg1Yzk5OGQiLCJhbGciOiJIUzI1NiJ9.eyJ1cmwiOiJtZWFsLWltYWdlcy83NTEyODJhNS1lMTBhLTQ2MTctYTAxZi04YTIyMWQ1Y2E2ZDMucG5nIiwiaWF0IjoxNzc0NzYwMTYyLCJleHAiOjE3NzUzNjQ5NjJ9.HmYPudxGZXmqiOghw43xe_69-MJwlqx07PnoYf-bW7o
meal-images,7784a96b-4506-4ec1-ae10-cca40a5bc86a.png,https://janlpetkbcgwndibxqha.supabase.co/storage/v1/object/sign/meal-images/7784a96b-4506-4ec1-ae10-cca40a5bc86a.png?token=eyJraWQiOiJzdG9yYWdlLXVybC1zaWduaW5nLWtleV8zZWRhM2IwYy02NTYwLTRiMTQtYmQxZi1mMzM0Njg1Yzk5OGQiLCJhbGciOiJIUzI1NiJ9.eyJ1cmwiOiJtZWFsLWltYWdlcy83Nzg0YTk2Yi00NTA2LTRlYzEtYWUxMC1jY2E0MGE1YmM4NmEucG5nIiwiaWF0IjoxNzc0NzYwMTYyLCJleHAiOjE3NzUzNjQ5NjJ9.Bw871uJXEQAFprYZdy9M7XpUWgXsW4qF8Btf9a8kU_4
meal-images,79c69b8e-c774-4acf-bfff-73991d69341e.png,https://janlpetkbcgwndibxqha.supabase.co/storage/v1/object/sign/meal-images/79c69b8e-c774-4acf-bfff-73991d69341e.png?token=eyJraWQiOiJzdG9yYWdlLXVybC1zaWduaW5nLWtleV8zZWRhM2IwYy02NTYwLTRiMTQtYmQxZi1mMzM0Njg1Yzk5OGQiLCJhbGciOiJIUzI1NiJ9.eyJ1cmwiOiJtZWFsLWltYWdlcy83OWM2OWI4ZS1jNzc0LTRhY2YtYmZmZi03Mzk5MWQ2OTM0MWUucG5nIiwiaWF0IjoxNzc0NzYwMTYyLCJleHAiOjE3NzUzNjQ5NjJ9.EbCLMITVRuRcY1XhfHe9FkKEws8eHpQMQ27Y8c9Utb8
meal-images,7e53470f-dfc1-4a56-b873-39c4423ede9a.png,https://janlpetkbcgwndibxqha.supabase.co/storage/v1/object/sign/meal-images/7e53470f-dfc1-4a56-b873-39c4423ede9a.png?token=eyJraWQiOiJzdG9yYWdlLXVybC1zaWduaW5nLWtleV8zZWRhM2IwYy02NTYwLTRiMTQtYmQxZi1mMzM0Njg1Yzk5OGQiLCJhbGciOiJIUzI1NiJ9.eyJ1cmwiOiJtZWFsLWltYWdlcy83ZTUzNDcwZi1kZmMxLTRhNTYtYjg3My0zOWM0NDIzZWRlOWEucG5nIiwiaWF0IjoxNzc0NzYwMTYyLCJleHAiOjE3NzUzNjQ5NjJ9.9T6nF1GKR5FEwH7pytWhRrEyeYt2LApcd3Io3l2Cn_o
meal-images,8d595782-27f7-4bc8-a40e-96d1ac0b2df2.png,https://janlpetkbcgwndibxqha.supabase.co/storage/v1/object/sign/meal-images/8d595782-27f7-4bc8-a40e-96d1ac0b2df2.png?token=eyJraWQiOiJzdG9yYWdlLXVybC1zaWduaW5nLWtleV8zZWRhM2IwYy02NTYwLTRiMTQtYmQxZi1mMzM0Njg1Yzk5OGQiLCJhbGciOiJIUzI1NiJ9.eyJ1cmwiOiJtZWFsLWltYWdlcy84ZDU5NTc4Mi0yN2Y3LTRiYzgtYTQwZS05NmQxYWMwYjJkZjIucG5nIiwiaWF0IjoxNzc0NzYwMTYzLCJleHAiOjE3NzUzNjQ5NjN9.eFpBuCpSRX7881hAVfBrnvRGFD1_MUy3Kk8hseYgiZQ
meal-images,8f2fc969-8a72-41bc-9523-39d4ea4fb6fb.png,https://janlpetkbcgwndibxqha.supabase.co/storage/v1/object/sign/meal-images/8f2fc969-8a72-41bc-9523-39d4ea4fb6fb.png?token=eyJraWQiOiJzdG9yYWdlLXVybC1zaWduaW5nLWtleV8zZWRhM2IwYy02NTYwLTRiMTQtYmQxZi1mMzM0Njg1Yzk5OGQiLCJhbGciOiJIUzI1NiJ9.eyJ1cmwiOiJtZWFsLWltYWdlcy84ZjJmYzk2OS04YTcyLTQxYmMtOTUyMy0zOWQ0ZWE0ZmI2ZmIucG5nIiwiaWF0IjoxNzc0NzYwMTYzLCJleHAiOjE3NzUzNjQ5NjN9.XV_c6A1IKE35l8kMlq38T2t0xWZZjagCyv732q0-DHE
meal-images,8fbedac5-2f47-48a4-a42d-fd14f70d2d1c.png,https://janlpetkbcgwndibxqha.supabase.co/storage/v1/object/sign/meal-images/8fbedac5-2f47-48a4-a42d-fd14f70d2d1c.png?token=eyJraWQiOiJzdG9yYWdlLXVybC1zaWduaW5nLWtleV8zZWRhM2IwYy02NTYwLTRiMTQtYmQxZi1mMzM0Njg1Yzk5OGQiLCJhbGciOiJIUzI1NiJ9.eyJ1cmwiOiJtZWFsLWltYWdlcy84ZmJlZGFjNS0yZjQ3LTQ4YTQtYTQyZC1mZDE0ZjcwZDJkMWMucG5nIiwiaWF0IjoxNzc0NzYwMTYzLCJleHAiOjE3NzUzNjQ5NjN9.8BNVrsi1tYnJBksbzlxk-hSRrftWTYWNp89zCZ8K6ww
meal-images,9c1af588-bebd-4139-9b80-1d588d7ac781.png,https://janlpetkbcgwndibxqha.supabase.co/storage/v1/object/sign/meal-images/9c1af588-bebd-4139-9b80-1d588d7ac781.png?token=eyJraWQiOiJzdG9yYWdlLXVybC1zaWduaW5nLWtleV8zZWRhM2IwYy02NTYwLTRiMTQtYmQxZi1mMzM0Njg1Yzk5OGQiLCJhbGciOiJIUzI1NiJ9.eyJ1cmwiOiJtZWFsLWltYWdlcy85YzFhZjU4OC1iZWJkLTQxMzktOWI4MC0xZDU4OGQ3YWM3ODEucG5nIiwiaWF0IjoxNzc0NzYwMTYzLCJleHAiOjE3NzUzNjQ5NjN9.I7jJ92QAKzeMn0GeRVBhIcQ5WFE7t2L5qXuPgzvXzbg
meal-images,9cd1ffb8-a47c-4926-a190-18367d206c6d.png,https://janlpetkbcgwndibxqha.supabase.co/storage/v1/object/sign/meal-images/9cd1ffb8-a47c-4926-a190-18367d206c6d.png?token=eyJraWQiOiJzdG9yYWdlLXVybC1zaWduaW5nLWtleV8zZWRhM2IwYy02NTYwLTRiMTQtYmQxZi1mMzM0Njg1Yzk5OGQiLCJhbGciOiJIUzI1NiJ9.eyJ1cmwiOiJtZWFsLWltYWdlcy85Y2QxZmZiOC1hNDdjLTQ5MjYtYTE5MC0xODM2N2QyMDZjNmQucG5nIiwiaWF0IjoxNzc0NzYwMTYzLCJleHAiOjE3NzUzNjQ5NjN9.2inUGW1Tb016OHOJaBWrb6fnjE9Nz7hDcNWeTG9sFP8
meal-images,9f635da1-b823-48df-8a24-1419cfbdec5c.png,https://janlpetkbcgwndibxqha.supabase.co/storage/v1/object/sign/meal-images/9f635da1-b823-48df-8a24-1419cfbdec5c.png?token=eyJraWQiOiJzdG9yYWdlLXVybC1zaWduaW5nLWtleV8zZWRhM2IwYy02NTYwLTRiMTQtYmQxZi1mMzM0Njg1Yzk5OGQiLCJhbGciOiJIUzI1NiJ9.eyJ1cmwiOiJtZWFsLWltYWdlcy85ZjYzNWRhMS1iODIzLTQ4ZGYtOGEyNC0xNDE5Y2ZiZGVjNWMucG5nIiwiaWF0IjoxNzc0NzYwMTYzLCJleHAiOjE3NzUzNjQ5NjN9.scO6nTKJHM_RiudKQeH_6Rkzv-hgLC3p7OkVr4L67Eo
meal-images,a111051b-f8df-48fd-bf53-2721516df6bb.png,https://janlpetkbcgwndibxqha.supabase.co/storage/v1/object/sign/meal-images/a111051b-f8df-48fd-bf53-2721516df6bb.png?token=eyJraWQiOiJzdG9yYWdlLXVybC1zaWduaW5nLWtleV8zZWRhM2IwYy02NTYwLTRiMTQtYmQxZi1mMzM0Njg1Yzk5OGQiLCJhbGciOiJIUzI1NiJ9.eyJ1cmwiOiJtZWFsLWltYWdlcy9hMTExMDUxYi1mOGRmLTQ4ZmQtYmY1My0yNzIxNTE2ZGY2YmIucG5nIiwiaWF0IjoxNzc0NzYwMTYzLCJleHAiOjE3NzUzNjQ5NjN9.1Ycui6kxfUyRbeFn7j63tDmAfX93V42chMQgdBpwzZY
meal-images,a2ddbc2b-4ba0-495f-b256-9354cb2444bb.png,https://janlpetkbcgwndibxqha.supabase.co/storage/v1/object/sign/meal-images/a2ddbc2b-4ba0-495f-b256-9354cb2444bb.png?token=eyJraWQiOiJzdG9yYWdlLXVybC1zaWduaW5nLWtleV8zZWRhM2IwYy02NTYwLTRiMTQtYmQxZi1mMzM0Njg1Yzk5OGQiLCJhbGciOiJIUzI1NiJ9.eyJ1cmwiOiJtZWFsLWltYWdlcy9hMmRkYmMyYi00YmEwLTQ5NWYtYjI1Ni05MzU0Y2IyNDQ0YmIucG5nIiwiaWF0IjoxNzc0NzYwMTYzLCJleHAiOjE3NzUzNjQ5NjN9.Gci_bczYm_pKrz7vDRAa2g5bmoUxuXQ_CaWHDCDdv9I
meal-images,a49cde2f-bf17-46c0-bb1d-86d8c9be8e4e.png,https://janlpetkbcgwndibxqha.supabase.co/storage/v1/object/sign/meal-images/a49cde2f-bf17-46c0-bb1d-86d8c9be8e4e.png?token=eyJraWQiOiJzdG9yYWdlLXVybC1zaWduaW5nLWtleV8zZWRhM2IwYy02NTYwLTRiMTQtYmQxZi1mMzM0Njg1Yzk5OGQiLCJhbGciOiJIUzI1NiJ9.eyJ1cmwiOiJtZWFsLWltYWdlcy9hNDljZGUyZi1iZjE3LTQ2YzAtYmIxZC04NmQ4YzliZThlNGUucG5nIiwiaWF0IjoxNzc0NzYwMTYzLCJleHAiOjE3NzUzNjQ5NjN9.SFQU3bT1xZhn0gYqG0DNGA85q-h2jjgsKnvQDq6OOYk
meal-images,a912ca82-b03c-4025-ab06-b3ede4504fbe.png,https://janlpetkbcgwndibxqha.supabase.co/storage/v1/object/sign/meal-images/a912ca82-b03c-4025-ab06-b3ede4504fbe.png?token=eyJraWQiOiJzdG9yYWdlLXVybC1zaWduaW5nLWtleV8zZWRhM2IwYy02NTYwLTRiMTQtYmQxZi1mMzM0Njg1Yzk5OGQiLCJhbGciOiJIUzI1NiJ9.eyJ1cmwiOiJtZWFsLWltYWdlcy9hOTEyY2E4Mi1iMDNjLTQwMjUtYWIwNi1iM2VkZTQ1MDRmYmUucG5nIiwiaWF0IjoxNzc0NzYwMTYzLCJleHAiOjE3NzUzNjQ5NjN9.-MkAq51ilWkMu_ZcQMf5Nfj-GfXxPYQTmbwo5iYMtDk
meal-images,ab55a1f6-ad93-4b0d-9a9c-28d26e277d7b.png,https://janlpetkbcgwndibxqha.supabase.co/storage/v1/object/sign/meal-images/ab55a1f6-ad93-4b0d-9a9c-28d26e277d7b.png?token=eyJraWQiOiJzdG9yYWdlLXVybC1zaWduaW5nLWtleV8zZWRhM2IwYy02NTYwLTRiMTQtYmQxZi1mMzM0Njg1Yzk5OGQiLCJhbGciOiJIUzI1NiJ9.eyJ1cmwiOiJtZWFsLWltYWdlcy9hYjU1YTFmNi1hZDkzLTRiMGQtOWE5Yy0yOGQyNmUyNzdkN2IucG5nIiwiaWF0IjoxNzc0NzYwMTYzLCJleHAiOjE3NzUzNjQ5NjN9.Ip8x1mT6uJa-_ZupeXWS_h2rkC0H2tEs1lobQLB-R9g
meal-images,ab95a845-4a94-4089-9cff-b78dfed13860.png,https://janlpetkbcgwndibxqha.supabase.co/storage/v1/object/sign/meal-images/ab95a845-4a94-4089-9cff-b78dfed13860.png?token=eyJraWQiOiJzdG9yYWdlLXVybC1zaWduaW5nLWtleV8zZWRhM2IwYy02NTYwLTRiMTQtYmQxZi1mMzM0Njg1Yzk5OGQiLCJhbGciOiJIUzI1NiJ9.eyJ1cmwiOiJtZWFsLWltYWdlcy9hYjk1YTg0NS00YTk0LTQwODktOWNmZi1iNzhkZmVkMTM4NjAucG5nIiwiaWF0IjoxNzc0NzYwMTY0LCJleHAiOjE3NzUzNjQ5NjR9.Ve39j9i0ZRKBgkjU9QKGPQBaAlUOnvEsfPg5EpL89hQ
meal-images,adaeca6a-4980-42b6-acca-c1abbee512d6.png,https://janlpetkbcgwndibxqha.supabase.co/storage/v1/object/sign/meal-images/adaeca6a-4980-42b6-acca-c1abbee512d6.png?token=eyJraWQiOiJzdG9yYWdlLXVybC1zaWduaW5nLWtleV8zZWRhM2IwYy02NTYwLTRiMTQtYmQxZi1mMzM0Njg1Yzk5OGQiLCJhbGciOiJIUzI1NiJ9.eyJ1cmwiOiJtZWFsLWltYWdlcy9hZGFlY2E2YS00OTgwLTQyYjYtYWNjYS1jMWFiYmVlNTEyZDYucG5nIiwiaWF0IjoxNzc0NzYwMTY0LCJleHAiOjE3NzUzNjQ5NjR9.HJfSL3RQRbDH7ZKn2hJG5R2Bx8WrIO-JBF9nY9fg5YM
meal-images,b55eca51-bf41-44ef-bdb3-05d88774b02e.png,https://janlpetkbcgwndibxqha.supabase.co/storage/v1/object/sign/meal-images/b55eca51-bf41-44ef-bdb3-05d88774b02e.png?token=eyJraWQiOiJzdG9yYWdlLXVybC1zaWduaW5nLWtleV8zZWRhM2IwYy02NTYwLTRiMTQtYmQxZi1mMzM0Njg1Yzk5OGQiLCJhbGciOiJIUzI1NiJ9.eyJ1cmwiOiJtZWFsLWltYWdlcy9iNTVlY2E1MS1iZjQxLTQ0ZWYtYmRiMy0wNWQ4ODc3NGIwMmUucG5nIiwiaWF0IjoxNzc0NzYwMTY0LCJleHAiOjE3NzUzNjQ5NjR9.hULQEUsJ7Nt2AlwRAqdiocFb-4feywSIcBQweW1wbww
meal-images,b69d8304-5183-4334-a169-0a9c69b4357d.png,https://janlpetkbcgwndibxqha.supabase.co/storage/v1/object/sign/meal-images/b69d8304-5183-4334-a169-0a9c69b4357d.png?token=eyJraWQiOiJzdG9yYWdlLXVybC1zaWduaW5nLWtleV8zZWRhM2IwYy02NTYwLTRiMTQtYmQxZi1mMzM0Njg1Yzk5OGQiLCJhbGciOiJIUzI1NiJ9.eyJ1cmwiOiJtZWFsLWltYWdlcy9iNjlkODMwNC01MTgzLTQzMzQtYTE2OS0wYTljNjliNDM1N2QucG5nIiwiaWF0IjoxNzc0NzYwMTY0LCJleHAiOjE3NzUzNjQ5NjR9.lkY-M0GGyLTRqWRCEygX7Fb1eLk7bYsE7auPg4pbaI4
meal-images,b7baa4ba-eaff-432e-a6be-3e9847b00f4c.png,https://janlpetkbcgwndibxqha.supabase.co/storage/v1/object/sign/meal-images/b7baa4ba-eaff-432e-a6be-3e9847b00f4c.png?token=eyJraWQiOiJzdG9yYWdlLXVybC1zaWduaW5nLWtleV8zZWRhM2IwYy02NTYwLTRiMTQtYmQxZi1mMzM0Njg1Yzk5OGQiLCJhbGciOiJIUzI1NiJ9.eyJ1cmwiOiJtZWFsLWltYWdlcy9iN2JhYTRiYS1lYWZmLTQzMmUtYTZiZS0zZTk4NDdiMDBmNGMucG5nIiwiaWF0IjoxNzc0NzYwMTY0LCJleHAiOjE3NzUzNjQ5NjR9.aqRmfj2Op8gMnR5klnMj07ZnlaUPOCgBGC9GSzD0rhY
meal-images,b930dc92-0ca1-4a4f-b44c-7120baa0d872.png,https://janlpetkbcgwndibxqha.supabase.co/storage/v1/object/sign/meal-images/b930dc92-0ca1-4a4f-b44c-7120baa0d872.png?token=eyJraWQiOiJzdG9yYWdlLXVybC1zaWduaW5nLWtleV8zZWRhM2IwYy02NTYwLTRiMTQtYmQxZi1mMzM0Njg1Yzk5OGQiLCJhbGciOiJIUzI1NiJ9.eyJ1cmwiOiJtZWFsLWltYWdlcy9iOTMwZGM5Mi0wY2ExLTRhNGYtYjQ0Yy03MTIwYmFhMGQ4NzIucG5nIiwiaWF0IjoxNzc0NzYwMTY0LCJleHAiOjE3NzUzNjQ5NjR9.6x12NT-cG9odKDS1jevHYAaK3jkRvEoqI7dN6Shbmcw
meal-images,bec032ef-6b44-4a1a-9eaf-6a691c6926f6.png,https://janlpetkbcgwndibxqha.supabase.co/storage/v1/object/sign/meal-images/bec032ef-6b44-4a1a-9eaf-6a691c6926f6.png?token=eyJraWQiOiJzdG9yYWdlLXVybC1zaWduaW5nLWtleV8zZWRhM2IwYy02NTYwLTRiMTQtYmQxZi1mMzM0Njg1Yzk5OGQiLCJhbGciOiJIUzI1NiJ9.eyJ1cmwiOiJtZWFsLWltYWdlcy9iZWMwMzJlZi02YjQ0LTRhMWEtOWVhZi02YTY5MWM2OTI2ZjYucG5nIiwiaWF0IjoxNzc0NzYwMTY0LCJleHAiOjE3NzUzNjQ5NjR9.zDKgE3lV1Ft6OPiw885xwONfOO1R124pp3DVH6096R4
meal-images,bf9b9646-1ba1-4f82-9fe0-80223bb47f70.png,https://janlpetkbcgwndibxqha.supabase.co/storage/v1/object/sign/meal-images/bf9b9646-1ba1-4f82-9fe0-80223bb47f70.png?token=eyJraWQiOiJzdG9yYWdlLXVybC1zaWduaW5nLWtleV8zZWRhM2IwYy02NTYwLTRiMTQtYmQxZi1mMzM0Njg1Yzk5OGQiLCJhbGciOiJIUzI1NiJ9.eyJ1cmwiOiJtZWFsLWltYWdlcy9iZjliOTY0Ni0xYmExLTRmODItOWZlMC04MDIyM2JiNDdmNzAucG5nIiwiaWF0IjoxNzc0NzYwMTY0LCJleHAiOjE3NzUzNjQ5NjR9.xyw-HhSqqYEt9p8HfUL6n-dxV1iYVAFRnBRFk_mf93U
meal-images,cba4bf96-19dc-470b-80d4-2ffe60e87198.png,https://janlpetkbcgwndibxqha.supabase.co/storage/v1/object/sign/meal-images/cba4bf96-19dc-470b-80d4-2ffe60e87198.png?token=eyJraWQiOiJzdG9yYWdlLXVybC1zaWduaW5nLWtleV8zZWRhM2IwYy02NTYwLTRiMTQtYmQxZi1mMzM0Njg1Yzk5OGQiLCJhbGciOiJIUzI1NiJ9.eyJ1cmwiOiJtZWFsLWltYWdlcy9jYmE0YmY5Ni0xOWRjLTQ3MGItODBkNC0yZmZlNjBlODcxOTgucG5nIiwiaWF0IjoxNzc0NzYwMTY0LCJleHAiOjE3NzUzNjQ5NjR9.21wa_aT34yS2PQIfYl7e_HPwz6OVyi_GMAnt39Ix4eE
meal-images,db5148c9-7879-414c-9ccc-cd6dcb389d33.png,https://janlpetkbcgwndibxqha.supabase.co/storage/v1/object/sign/meal-images/db5148c9-7879-414c-9ccc-cd6dcb389d33.png?token=eyJraWQiOiJzdG9yYWdlLXVybC1zaWduaW5nLWtleV8zZWRhM2IwYy02NTYwLTRiMTQtYmQxZi1mMzM0Njg1Yzk5OGQiLCJhbGciOiJIUzI1NiJ9.eyJ1cmwiOiJtZWFsLWltYWdlcy9kYjUxNDhjOS03ODc5LTQxNGMtOWNjYy1jZDZkY2IzODlkMzMucG5nIiwiaWF0IjoxNzc0NzYwMTY0LCJleHAiOjE3NzUzNjQ5NjR9.HN6IeWNFuStl7m7sC2C_sGQBZrvh8NjPYLyr-W2H6VQ
meal-images,e00e3fd1-70a0-49f7-922c-83c989f6d526.png,https://janlpetkbcgwndibxqha.supabase.co/storage/v1/object/sign/meal-images/e00e3fd1-70a0-49f7-922c-83c989f6d526.png?token=eyJraWQiOiJzdG9yYWdlLXVybC1zaWduaW5nLWtleV8zZWRhM2IwYy02NTYwLTRiMTQtYmQxZi1mMzM0Njg1Yzk5OGQiLCJhbGciOiJIUzI1NiJ9.eyJ1cmwiOiJtZWFsLWltYWdlcy9lMDBlM2ZkMS03MGEwLTQ5ZjctOTIyYy04M2M5ODlmNmQ1MjYucG5nIiwiaWF0IjoxNzc0NzYwMTY1LCJleHAiOjE3NzUzNjQ5NjV9.qnzYbnO2FSUf8_TWdH1COmv-BaUAyB5YDag8CHZHzG8
meal-images,ea1982f2-5562-4c4b-97b8-7bc112cbe2f8.png,https://janlpetkbcgwndibxqha.supabase.co/storage/v1/object/sign/meal-images/ea1982f2-5562-4c4b-97b8-7bc112cbe2f8.png?token=eyJraWQiOiJzdG9yYWdlLXVybC1zaWduaW5nLWtleV8zZWRhM2IwYy02NTYwLTRiMTQtYmQxZi1mMzM0Njg1Yzk5OGQiLCJhbGciOiJIUzI1NiJ9.eyJ1cmwiOiJtZWFsLWltYWdlcy9lYTE5ODJmMi01NTYyLTRjNGItOTdiOC03YmMxMTJjYmUyZjgucG5nIiwiaWF0IjoxNzc0NzYwMTY1LCJleHAiOjE3NzUzNjQ5NjV9.DyFV8pRgI4UZ_7lHzVZnkWirXFHdZu_ibUrJXo4GWBM
meal-images,f3572d63-d5a6-4a57-b78e-e859704ee305.png,https://janlpetkbcgwndibxqha.supabase.co/storage/v1/object/sign/meal-images/f3572d63-d5a6-4a57-b78e-e859704ee305.png?token=eyJraWQiOiJzdG9yYWdlLXVybC1zaWduaW5nLWtleV8zZWRhM2IwYy02NTYwLTRiMTQtYmQxZi1mMzM0Njg1Yzk5OGQiLCJhbGciOiJIUzI1NiJ9.eyJ1cmwiOiJtZWFsLWltYWdlcy9mMzU3MmQ2My1kNWE2LTRhNTctYjc4ZS1lODU5NzA0ZWUzMDUucG5nIiwiaWF0IjoxNzc0NzYwMTY1LCJleHAiOjE3NzUzNjQ5NjV9.7fwSGCml9362WassheZSnlqxgcLXiJkR4SjOTY7Z_Co
meal-images,f4c07749-4b6b-436e-9bfe-bc96222ddee6.png,https://janlpetkbcgwndibxqha.supabase.co/storage/v1/object/sign/meal-images/f4c07749-4b6b-436e-9bfe-bc96222ddee6.png?token=eyJraWQiOiJzdG9yYWdlLXVybC1zaWduaW5nLWtleV8zZWRhM2IwYy02NTYwLTRiMTQtYmQxZi1mMzM0Njg1Yzk5OGQiLCJhbGciOiJIUzI1NiJ9.eyJ1cmwiOiJtZWFsLWltYWdlcy9mNGMwNzc0OS00YjZiLTQzNmUtOWJmZS1iYzk2MjIyZGRlZTYucG5nIiwiaWF0IjoxNzc0NzYwMTY1LCJleHAiOjE3NzUzNjQ5NjV9.sO4Iqhtb4dcapfWTwPBz5UXk2a2IMdBX7b6c5ag9dYs
meal-images,f5de420c-8707-414c-8438-91f00e9d49e3.png,https://janlpetkbcgwndibxqha.supabase.co/storage/v1/object/sign/meal-images/f5de420c-8707-414c-8438-91f00e9d49e3.png?token=eyJraWQiOiJzdG9yYWdlLXVybC1zaWduaW5nLWtleV8zZWRhM2IwYy02NTYwLTRiMTQtYmQxZi1mMzM0Njg1Yzk5OGQiLCJhbGciOiJIUzI1NiJ9.eyJ1cmwiOiJtZWFsLWltYWdlcy9mNWRlNDIwYy04NzA3LTQxNGMtODQzOC05MWYwMGU5ZDQ5ZTMucG5nIiwiaWF0IjoxNzc0NzYwMTY1LCJleHAiOjE3NzUzNjQ5NjV9.9dRhqtj4VDtbkiu5p5CzrVk5Gk_HVM3QGHDevITd1ak
meal-images,fb92e474-71e2-46ad-a2b4-4a23b7def42a.png,https://janlpetkbcgwndibxqha.supabase.co/storage/v1/object/sign/meal-images/fb92e474-71e2-46ad-a2b4-4a23b7def42a.png?token=eyJraWQiOiJzdG9yYWdlLXVybC1zaWduaW5nLWtleV8zZWRhM2IwYy02NTYwLTRiMTQtYmQxZi1mMzM0Njg1Yzk5OGQiLCJhbGciOiJIUzI1NiJ9.eyJ1cmwiOiJtZWFsLWltYWdlcy9mYjkyZTQ3NC03MWUyLTQ2YWQtYTJiNC00YTIzYjdkZWY0MmEucG5nIiwiaWF0IjoxNzc0NzYwMTY1LCJleHAiOjE3NzUzNjQ5NjV9.5LNtyi9x1GYJ0teph1-1EFyKvgYo5zLiArhOArncNZg
meal-images,fedbdaab-11b1-4e72-81c7-e3fc14d43f3a.png,https://janlpetkbcgwndibxqha.supabase.co/storage/v1/object/sign/meal-images/fedbdaab-11b1-4e72-81c7-e3fc14d43f3a.png?token=eyJraWQiOiJzdG9yYWdlLXVybC1zaWduaW5nLWtleV8zZWRhM2IwYy02NTYwLTRiMTQtYmQxZi1mMzM0Njg1Yzk5OGQiLCJhbGciOiJIUzI1NiJ9.eyJ1cmwiOiJtZWFsLWltYWdlcy9mZWRiZGFhYi0xMWIxLTRlNzItODFjNy1lM2ZjMTRkNDNmM2EucG5nIiwiaWF0IjoxNzc0NzYwMTY2LCJleHAiOjE3NzUzNjQ5NjZ9.nUn4zgL67p6CZ7Qgyfu8OoxaAveKAv8TBZQdYJGREcE
exercise-videos,module-videos/1772138817163-lujtjzejenr.mp4,https://janlpetkbcgwndibxqha.supabase.co/storage/v1/object/sign/exercise-videos/module-videos/1772138817163-lujtjzejenr.mp4?token=eyJraWQiOiJzdG9yYWdlLXVybC1zaWduaW5nLWtleV8zZWRhM2IwYy02NTYwLTRiMTQtYmQxZi1mMzM0Njg1Yzk5OGQiLCJhbGciOiJIUzI1NiJ9.eyJ1cmwiOiJleGVyY2lzZS12aWRlb3MvbW9kdWxlLXZpZGVvcy8xNzcyMTM4ODE3MTYzLWx1anRqemVqZW5yLm1wNCIsImlhdCI6MTc3NDc2MDE3NiwiZXhwIjoxNzc1MzY0OTc2fQ.O8v0Oh2pbDIINIBmKJ85ZsTPSnzlvcii0Nr6uuUkB0w
exercise-videos,module-videos/1772138885746-hjvyv06j2mn.mp4,https://janlpetkbcgwndibxqha.supabase.co/storage/v1/object/sign/exercise-videos/module-videos/1772138885746-hjvyv06j2mn.mp4?token=eyJraWQiOiJzdG9yYWdlLXVybC1zaWduaW5nLWtleV8zZWRhM2IwYy02NTYwLTRiMTQtYmQxZi1mMzM0Njg1Yzk5OGQiLCJhbGciOiJIUzI1NiJ9.eyJ1cmwiOiJleGVyY2lzZS12aWRlb3MvbW9kdWxlLXZpZGVvcy8xNzcyMTM4ODg1NzQ2LWhqdnl2MDZqMm1uLm1wNCIsImlhdCI6MTc3NDc2MDE3NiwiZXhwIjoxNzc1MzY0OTc2fQ.B0GZtlEuboo6woJJxWOddDg4PMP9gdB6ZZZG2Av4vpA
exercise-videos,module-videos/1772138957275-luobqfolors.mp4,https://janlpetkbcgwndibxqha.supabase.co/storage/v1/object/sign/exercise-videos/module-videos/1772138957275-luobqfolors.mp4?token=eyJraWQiOiJzdG9yYWdlLXVybC1zaWduaW5nLWtleV8zZWRhM2IwYy02NTYwLTRiMTQtYmQxZi1mMzM0Njg1Yzk5OGQiLCJhbGciOiJIUzI1NiJ9.eyJ1cmwiOiJleGVyY2lzZS12aWRlb3MvbW9kdWxlLXZpZGVvcy8xNzcyMTM4OTU3Mjc1LWx1b2JxZm9sb3JzLm1wNCIsImlhdCI6MTc3NDc2MDE3NiwiZXhwIjoxNzc1MzY0OTc2fQ.EXXlRCQOKdsxarGnckmBI9RTkreV404wG0gztHweoX8
exercise-videos,module-videos/1772139025795-9f1faruz2sb.mp4,https://janlpetkbcgwndibxqha.supabase.co/storage/v1/object/sign/exercise-videos/module-videos/1772139025795-9f1faruz2sb.mp4?token=eyJraWQiOiJzdG9yYWdlLXVybC1zaWduaW5nLWtleV8zZWRhM2IwYy02NTYwLTRiMTQtYmQxZi1mMzM0Njg1Yzk5OGQiLCJhbGciOiJIUzI1NiJ9.eyJ1cmwiOiJleGVyY2lzZS12aWRlb3MvbW9kdWxlLXZpZGVvcy8xNzcyMTM5MDI1Nzk1LTlmMWZhcnV6MnNiLm1wNCIsImlhdCI6MTc3NDc2MDE3NiwiZXhwIjoxNzc1MzY0OTc2fQ.VyL1oPzzFvK_TF2GUc8Y7nzpTd4EeS9Ex8og6GZIMQo
exercise-videos,module-videos/1772139093179-axcr94t4rsh.mp4,https://janlpetkbcgwndibxqha.supabase.co/storage/v1/object/sign/exercise-videos/module-videos/1772139093179-axcr94t4rsh.mp4?token=eyJraWQiOiJzdG9yYWdlLXVybC1zaWduaW5nLWtleV8zZWRhM2IwYy02NTYwLTRiMTQtYmQxZi1mMzM0Njg1Yzk5OGQiLCJhbGciOiJIUzI1NiJ9.eyJ1cmwiOiJleGVyY2lzZS12aWRlb3MvbW9kdWxlLXZpZGVvcy8xNzcyMTM5MDkzMTc5LWF4Y3I5NHQ0cnNoLm1wNCIsImlhdCI6MTc3NDc2MDE3NywiZXhwIjoxNzc1MzY0OTc3fQ.otSUq4Td-FVDL-RRBrRZsuDOINVXMKnDdcuxmP6QI_s
